year,combination,organism,antibiotics,R,Tested.isolates,isolates,Region,NAME,TMN,TMP,HEG,IT,OPE,PD,UP,PMP,PREC,SR,SSR,TCL,HUM,CPI,WASH,AMC,IC,HD
2014,CRAB,Acinetobacter baumannii,Carbapenems,0.78,431,336,Latin America and the Caribbean,C001,9.4,15.6,9.636395307,7165000,34.04805521,15.59164538,91.377,13.2,706,0.0716,0.0667,0.951,79.2,34,53.63758214,15.5,94.85714286,4.84
2015,CRAB,Acinetobacter baumannii,Carbapenems,0.87,523,455,Latin America and the Caribbean,C001,9.5,15.7,10.19975397,6816000,33.0023993,15.76063274,91.503,13.5,648.6,0.071,0.0698,0.957,74.8,32,53.63758214,16.7,92.42857143,4.96
2016,CRAB,Acinetobacter baumannii,Carbapenems,0.82,287,235,Latin America and the Caribbean,C001,9,15.2,8.985845323,6668000,37.58023798,15.92813508,91.627,13.7,662.1,0.068,0.0668,0.488,78.5,36,53.63758214,16.9,90.42857143,4.95
2017,CRAB,Acinetobacter baumannii,Carbapenems,0.83,320,266,Latin America and the Caribbean,C001,9.5,15.8,10.43993217,6711000,36.3676376,16.09419079,91.749,12.9,634.5,0.0673,0.07,1.095,77.2,39,53.63758214,16.7,87.85714286,4.99
2018,CRAB,Acinetobacter baumannii,Carbapenems,0.76,375,285,Latin America and the Caribbean,C001,9.1,15.5,9.51611392,6942000,36.92702016,16.2585101,91.87,13.1,598.1,0.0636,0.0534,0.878,75.1,40,53.63758214,15.2,89.71428571,4.99
2019,CRAB,Acinetobacter baumannii,Carbapenems,0.69,292,201,Latin America and the Caribbean,C001,9.1,15.5,9.509059835,7399000,35.7846133,16.42082662,91.991,14.2,591.6,0.0567,0.0552,0.76,71.1,45,53.63758214,15.2,83.85714286,4.99
2020,CRAB,Acinetobacter baumannii,Carbapenems,0.83,640,531,Latin America and the Caribbean,C001,9,15.8,10.05162935,7399000,33.44421573,16.58089261,92.111,15.6,496.3,0.0407,0.0319,1.123,63.8,42,53.63758214,15.2,74.14285714,4.99
2013,CRAB,Acinetobacter baumannii,Carbapenems,0.078,51,4,Europe and Central Asia,C003,3.5,7.5,10.31977933,24813000,27.83093858,102.7608216,57.336,15.6,1139,0.168,0.4,1.098,179.8,69,53.63758214,20.9,91.98659494,7.64
2014,CRAB,Acinetobacter baumannii,Carbapenems,0.064,78,5,Europe and Central Asia,C003,4.4,8.5,10.41509556,25291000,27.48290871,103.5670868,57.526,13.8,1208.1,0.197,0.438,2.409,187.6,72,53.63758214,17.2,94.98659494,7.58
2015,CRAB,Acinetobacter baumannii,Carbapenems,0.094,64,6,Europe and Central Asia,C003,4,8.4,10.43723611,26728000,27.54398745,104.7345977,57.715,13.6,1046.6,0.123,0.285,2.167,153.1,76,53.63758214,17,92.27230923,7.54
2016,CRAB,Acinetobacter baumannii,Carbapenems,0.123,81,10,Europe and Central Asia,C003,3.7,7.9,10.39533097,28121000,27.64032438,105.8733398,57.905,12.8,1318.5,0.176,0.367,2.096,186.9,75,53.63758214,17,88.8437378,7.42
2017,CRAB,Acinetobacter baumannii,Carbapenems,0.067,75,5,Europe and Central Asia,C003,3.5,7.8,10.4132624,29460000,26.18421715,106.6113185,58.094,13,1243.1,0.151,0.328,1.741,183,75,53.63758214,16.7,89.98659494,7.37
2018,CRAB,Acinetobacter baumannii,Carbapenems,0.044,91,4,Europe and Central Asia,C003,4.2,8.6,10.37026868,30816000,25.51817955,107.1318589,58.297,14,1079.1,0.161,0.293,2.524,164.2,76,53.63758214,16.8,86.8437378,7.27
2019,CRAB,Acinetobacter baumannii,Carbapenems,0.074,81,6,Europe and Central Asia,C003,4.2,8.6,10.21378983,31884000,25.09123293,107.6093068,58.515,11.1,1150.8,0.156,0.297,2.37,183.3,77,53.63758214,16.89761503,87.27230923,7.27
2020,CRAB,Acinetobacter baumannii,Carbapenems,0.072,69,5,Europe and Central Asia,C003,4,8.4,11.17890638,15091000,23.62789666,108.0570044,58.748,10.4,1256.8,0.154,0.302,2.315,174.5,76,53.63758214,16.97509041,87.55802351,7.27
2021,CRAB,Acinetobacter baumannii,Carbapenems,0.1,70,7,Europe and Central Asia,C003,3.2,7.5,14.57151018,38109505.12,19.87200875,108.4813846,58.99622159,10.9,1072.5,0.147,0.294,1.395,168.3,74,53.63758214,17.03658127,94.4899963,7.150327201
2022,CRAB,Acinetobacter baumannii,Carbapenems,0.032,94,3,Europe and Central Asia,C003,4.3,8.8,21.62668176,145290515.4,12.54808857,108.8957895,59.25966476,10.7,933.2,0.141,0.231,2.498,169.1,71,53.63758214,17.08538551,95.51040446,6.810981602
2016,CRAB,Acinetobacter baumannii,Carbapenems,0.026,78,2,Europe and Central Asia,C005,6.7,10.8,10.78196193,7481000,22.86271962,374.2213342,97.919,12.2,915.8,0.023,0.27,1.882,192.9,77,53.63758214,27.3,94.41516637,5.76
2017,CRAB,Acinetobacter baumannii,Carbapenems,0.069,131,9,Europe and Central Asia,C005,7,11.1,10.7738471,8385000,22.797451,375.6657199,97.961,11.9,858.6,0.0121,0.114,1.731,195.6,75,53.63758214,26.8,94.41516637,5.66
2018,CRAB,Acinetobacter baumannii,Carbapenems,0.038,132,5,Europe and Central Asia,C005,7.2,11.7,10.81579844,9119000,22.74849788,377.3795905,98.001,12.3,724.9,0.0138,0.203,2.196,162.3,75,53.63758214,26.3,94.41516637,5.62
2019,CRAB,Acinetobacter baumannii,Carbapenems,2.22E-18,94,0,Europe and Central Asia,C005,7.1,11.5,10.40220979,9343000,24.00392505,379.4247028,98.041,10.5,849.1,0.0148,0.115,2.081,202,75,53.63758214,26.3,94.27230923,5.58
2020,CRAB,Acinetobacter baumannii,Carbapenems,0.013,160,2,Europe and Central Asia,C005,7.5,12,10.78081265,2584000,20.82964087,381.0635403,98.079,9.2,820.9,0.0149,0.233,2.572,182.2,76,53.63758214,26.3,94.27230923,5.58
2021,CRAB,Acinetobacter baumannii,Carbapenems,0.012,167,2,Europe and Central Asia,C005,6.4,10.5,13.30493454,18028970.1,7.064288489,381.5257679,98.11273046,10.8,959.3,0.0289,0.237,1.203,188.9,73,53.63758214,26.3,97.84699455,5.668018497
2022,CRAB,Acinetobacter baumannii,Carbapenems,0.024,168,4,Europe and Central Asia,C005,7.5,12,19.22230695,58968910.29,23.02622373,380.073869,98.14019138,10.1,729.3,0.0161,0.226,2.807,154.1,73,53.63758214,26.3,98.39639574,5.884055491
2012,CRAB,Acinetobacter baumannii,Carbapenems,0.603,58,35,Europe and Central Asia,C007,6.8,12,7.516807941,8867000,49.20127076,67.2981577,72.975,25.7,653.6,0.0482,0.022,1.678,87,41,53.63758214,19.7,95,6.61
2013,CRAB,Acinetobacter baumannii,Carbapenems,0.596,89,53,Europe and Central Asia,C007,7.1,12.1,7.123620363,9192000,43.43709078,66.92257738,73.313,23.5,599,0.0527,0.0337,1.476,93.3,41,53.63758214,20.5,95.14285714,6.82
2014,CRAB,Acinetobacter baumannii,Carbapenems,0.591,110,65,Europe and Central Asia,C007,7.4,12.1,7.659756191,9409000,41.76138961,66.54327561,73.651,24.2,934.9,0.112,0.0633,1.196,112.9,43,53.63758214,21.5,90.42857143,7.13
2015,CRAB,Acinetobacter baumannii,Carbapenems,0.738,130,96,Europe and Central Asia,C007,7,12,7.366465303,9317000,44.10270127,66.120035,73.99,21.5,742.8,0.0657,0.108,1.438,96,41,53.63758214,22.3,90.85714286,7.24
2016,CRAB,Acinetobacter baumannii,Carbapenems,0.748,103,77,Europe and Central Asia,C007,6.9,12.1,7.429517228,10604000,44.86666037,65.65790346,74.329,21.1,683.6,0.0578,0.0592,1.899,90.7,41,53.63758214,22.9,91.85714286,7.27
2017,CRAB,Acinetobacter baumannii,Carbapenems,0.804,92,74,Europe and Central Asia,C007,6.7,11.9,7.464336953,11596000,45.06690917,65.18005711,74.669,21.5,750.8,0.0604,0.022,0.954,97.5,43,53.63758214,23.4,92.85714286,7.45
2018,CRAB,Acinetobacter baumannii,Carbapenems,0.745,110,82,Europe and Central Asia,C007,7.5,12.4,7.3026296,12368000,42.36347276,64.71109985,75.008,22,707.1,0.0647,0.0488,2.192,97.6,42,53.63758214,24,91,7.45
2019,CRAB,Acinetobacter baumannii,Carbapenems,0.72,132,95,Europe and Central Asia,C007,7.8,12.9,6.875876294,12552000,40.84399446,64.25719418,75.347,21.6,547.6,0.047,0.0194,2.112,95.4,43,53.63758214,24.6,93.85714286,7.45
2020,CRAB,Acinetobacter baumannii,Carbapenems,0.829,129,107,Europe and Central Asia,C007,7.5,12.7,8.253349439,4973000,38.13040476,63.87265107,75.686,20.2,615.6,0.0534,0.0164,2.037,85.6,44,53.63758214,25.2,90.42857143,7.45
2021,CRAB,Acinetobacter baumannii,Carbapenems,0.779,217,169,Europe and Central Asia,C007,7.1,12.1,13.62766075,17911413.63,31.36014901,63.61478901,76.02488275,20,798,0.0696,0.0327,1.629,102.2,42,53.63758214,25.8,92.67043868,7.429834127
2022,CRAB,Acinetobacter baumannii,Carbapenems,0.794,160,127,Europe and Central Asia,C007,7.2,12.4,25.06808262,63276240.9,18.15515769,63.53791896,76.36364826,22.5,520,0.0379,0.0269,1.831,82.7,43,53.63758214,26.4,92.63705768,7.389502381
2015,CRAB,Acinetobacter baumannii,Carbapenems,0.89,180,160,Europe and Central Asia,C006,6.8,11.8,9.240893659,678000,29.09074544,68.83445313,47.173,32.1,978.8,0.126,0.255,1.813,143.5,38,97.25226029,18.9,83.14285714,3.49
2016,CRAB,Acinetobacter baumannii,Carbapenems,0.91,158,144,Europe and Central Asia,C006,6.5,11.4,9.139446278,778000,28.91307048,67.98800781,47.518,31.2,1139.7,0.171,0.253,1.673,157.1,39,97.26105802,18.3,78.14285714,3.49
2017,CRAB,Acinetobacter baumannii,Carbapenems,0.95,122,116,Europe and Central Asia,C006,6.4,11.5,8.818039513,923000,29.48851564,67.18802734,47.876,29.9,924.1,0.138,0.175,1.419,139,38,97.26105802,18,77.28571429,3.49
2018,CRAB,Acinetobacter baumannii,Carbapenems,0.94,141,133,Europe and Central Asia,C006,7.2,12.2,8.761013888,1053000,29.70884452,66.40876953,48.245,30.6,1015.2,0.174,0.303,2.275,149.3,38,97.26105802,17.9,75.28571429,3.49
2019,CRAB,Acinetobacter baumannii,Carbapenems,0.97,229,222,Europe and Central Asia,C006,7.4,12.4,8.663792858,1198000,29.73446866,65.63888672,48.626,26.4,1191.3,0.186,0.208,1.987,155.4,36,97.26105802,17.67026824,75.28571429,3.49
2020,CRAB,Acinetobacter baumannii,Carbapenems,0.98,348,341,Europe and Central Asia,C006,6.9,11.8,9.564900913,197000,29.15569976,64.81263672,49.02,27.3,968.7,0.136,0.14,1.88,139.3,35,97.26105802,17.52468813,75.28571429,3.49
2012,CRAB,Acinetobacter baumannii,Carbapenems,0.81,118,96,Europe and Central Asia,C004,3,6.8,5.11175194,6130000,33.80178661,46.5593029,75.697,16.9,772.9,0.0139,0.0759,1.561,169.8,31,53.63758214,17.4,86.85714286,11.27
2014,CRAB,Acinetobacter baumannii,Carbapenems,0.92,288,265,Europe and Central Asia,C004,3.6,7.8,5.251633946,5375000,37.10062792,46.55060033,76.693,18.3,573.7,0.00705,0.0737,2.18,130.1,31,53.63758214,19.8,86.57142857,10.83
2015,CRAB,Acinetobacter baumannii,Carbapenems,0.94,262,246,Europe and Central Asia,C004,4.3,8.5,5.915564254,4386000,38.82448153,46.61133719,77.181,15.5,539.8,0.00563,0.0184,2.247,141.9,32,53.63758214,20.1,85.85714286,10.83
2016,CRAB,Acinetobacter baumannii,Carbapenems,0.82,330,271,Europe and Central Asia,C004,3.7,7.7,5.765196034,10935000,28.6386315,46.64994482,77.661,14.6,718.7,0.0125,0.0355,2.201,160.8,40,53.63758214,20.8,85.28571429,10.83
2017,CRAB,Acinetobacter baumannii,Carbapenems,0.92,349,321,Europe and Central Asia,C004,3.8,7.6,5.612082195,11060000,30.51343725,46.59875953,78.134,14.7,761.1,0.0119,0.0842,1.592,169.8,44,53.63758214,21.4,85,10.83
2018,CRAB,Acinetobacter baumannii,Carbapenems,0.96,393,377,Europe and Central Asia,C004,3.8,7.9,5.380450512,11502000,29.23060261,46.50105922,78.595,16.1,595.2,0.00805,0.12,2.342,140.8,44,53.63758214,21.7,93.42857143,10.83
2019,CRAB,Acinetobacter baumannii,Carbapenems,0.96,347,333,Europe and Central Asia,C004,4.5,8.7,5.704032813,11832000,29.47939556,46.41075062,79.044,13.3,579.5,0.00842,0.0403,2.689,140.6,45,53.63758214,22.41929476,96.71428571,10.83
2013,CRAB,Acinetobacter baumannii,Carbapenems,0.11,53,6,Europe and Central Asia,C049,3,6.4,10.62467762,8967000,67.21204899,204.7343366,73.674,13.4,1215.9,0.341,0.612,0.857,206.2,85,53.63758214,11.2,91.70746069,4.85
2014,CRAB,Acinetobacter baumannii,Carbapenems,0.08,75,6,Europe and Central Asia,C049,4.2,7.8,10.79588177,9158000,67.90293986,207.2507514,73.696,10.7,986.6,0.558,0.873,2.704,166.5,86,53.63758214,11.7,91.99317498,4.73
2015,CRAB,Acinetobacter baumannii,Carbapenems,0.11,64,7,Europe and Central Asia,C049,3.9,7.8,11.19578302,9305000,68.18316906,209.6266208,73.718,12,1308.4,0.268,0.455,2.069,207.6,86,53.63758214,11.8,91.99317498,4.73
2016,CRAB,Acinetobacter baumannii,Carbapenems,0.07,73,5,Europe and Central Asia,C049,3.5,7.1,11.49004012,10402000,69.00454116,211.9315721,73.739,10.9,1248.2,0.302,0.553,1.841,198,86,53.63758214,11.7,91.99317498,4.69
2018,CRAB,Acinetobacter baumannii,Carbapenems,0.04,69,3,Europe and Central Asia,C049,4.2,8,11.58292156,11715000,68.7792303,215.5000945,73.797,10.7,1235,0.236,0.379,1.844,197.3,85,53.63758214,11.4,90.12945208,4.63
2019,CRAB,Acinetobacter baumannii,Carbapenems,0.05,64,3,Europe and Central Asia,C049,3.9,7.7,11.22862794,11818000,67.89052697,217.0427817,73.849,9.2,1075,0.312,0.452,1.568,166.4,85,53.63758214,11.4,90.12945208,4.63
2020,CRAB,Acinetobacter baumannii,Carbapenems,0.11,83,9,Europe and Central Asia,C049,4,8.1,11.99442154,11818000,64.33704651,218.6344696,73.915,9.2,1254.5,0.255,0.405,2.943,195.7,85,53.63758214,11.4,91.41516637,4.63
2014,CRAB,Acinetobacter baumannii,Carbapenems,0.57,171662,97847,East Asia and Pacific,C008,2.1,8,4.753874809,128499000,41.5543278,146.1258167,54.259,52.8,636.5,0.105,0.125,1.061,96.3,36,97.03880125,8,97.26473659,3.55
2015,CRAB,Acinetobacter baumannii,Carbapenems,0.59,183178,108075,East Asia and Pacific,C008,2.5,8.2,4.912150283,133820000,39.81038955,146.9779493,55.5,49.9,653.9,0.11,0.131,1.295,102.3,37,97.03880125,8.6,97.26473659,3.79
2016,CRAB,Acinetobacter baumannii,Carbapenems,0.77,1208,930,East Asia and Pacific,C008,2.4,8.2,4.926735689,141774000,41.89695133,147.8226414,56.736,45.6,698.1,0.125,0.158,1.318,102.8,40,97.03880125,8.8,97.26473659,4.02
2017,CRAB,Acinetobacter baumannii,Carbapenems,0.82,1563,1282,East Asia and Pacific,C008,2.5,8.4,4.997008684,153260000,43.32621025,148.7200435,57.96,43.3,645.7,0.112,0.132,1.572,98.4,41,97.03880125,8.3,97.26473659,4.31
2018,CRAB,Acinetobacter baumannii,Carbapenems,0.561,227091,127398,East Asia and Pacific,C008,2.1,8,5.096051588,158606000,43.5829288,149.4171945,59.152,38.7,658.1,0.108,0.105,1.36,100.6,39,97.07455813,8,97.26473659,4.31
2019,CRAB,Acinetobacter baumannii,Carbapenems,0.56,239890,134338,East Asia and Pacific,C008,2.4,8.3,5.319007836,162538000,44.02028943,149.9481797,60.308,37.4,637.6,0.115,0.151,1.422,98.9,41,97.10924291,8,97.12187945,4.31
2020,CRAB,Acinetobacter baumannii,Carbapenems,0.537,219921,118098,East Asia and Pacific,C008,2.3,8.2,5.591631821,30402000,45.27583334,150.3055428,61.428,34,665.1,0.126,0.152,1.62,98.2,42,97.14284025,8,97.26473659,4.31
2021,CRAB,Acinetobacter baumannii,Carbapenems,0.543,241383,131071,East Asia and Pacific,C008,2.6,8.5,5.826679732,380616155.5,47.94516083,150.4738725,62.5119397,32.1,674,0.114,0.129,1.702,99.9,45,97.17866603,8,102.2961662,4.282104754
2022,CRAB,Acinetobacter baumannii,Carbapenems,0.534,298753,159534,East Asia and Pacific,C008,2.4,8.3,5.949905961,1205170466,52.6658131,150.4457126,63.5598191,32.1,622.1,0.102,0.128,1.904,96.6,45,97.21670491,8,103.1608576,4.226314263
2013,CRAB,Acinetobacter baumannii,Carbapenems,0.606,33,20,Europe and Central Asia,C010,14.4,19.3,6.896210847,2626000,53.31784754,126.2952381,67.137,18.5,359.5,0.017,0.000336,1.232,60.5,63,53.63758214,23.9,93.41516637,3.41
2014,CRAB,Acinetobacter baumannii,Carbapenems,0.776,58,45,Europe and Central Asia,C010,14.7,19.4,6.886956583,2558000,56.38588401,127.3804113,67.031,18.5,475.4,0.011,0,2.004,70.6,63,53.63758214,22.2,93.41516637,3.42
2015,CRAB,Acinetobacter baumannii,Carbapenems,0.831,59,49,Europe and Central Asia,C010,14,18.8,6.799103742,2780000,56.78711161,128.4935065,66.946,17.8,519.6,0.0247,0.000577,1.895,72.4,61,53.63758214,26.6,93.70088066,3.42
2017,CRAB,Acinetobacter baumannii,Carbapenems,0.76,50,38,Europe and Central Asia,C010,14.3,19.1,6.658437891,3750000,58.11733405,130.7925325,66.836,17.7,369.3,0.0153,0,1.523,61.6,57,53.63758214,28.9,93.55802351,3.4
2018,CRAB,Acinetobacter baumannii,Carbapenems,0.842,57,48,Europe and Central Asia,C010,15.3,20,6.87202797,4024000,57.6060703,131.9081169,66.81,15.9,570.8,0.0192,0,2.282,75.7,59,53.63758214,28.3,93.98659494,3.4
2019,CRAB,Acinetobacter baumannii,Carbapenems,0.875,32,28,Europe and Central Asia,C010,14.7,19.4,6.727328208,4117000,44.11381188,132.9909091,66.805,16.4,654.9,0.0547,0.000336,2.082,81.4,58,53.63758214,27.67393508,91.70088066,3.4
2020,CRAB,Acinetobacter baumannii,Carbapenems,0.81,58,47,Europe and Central Asia,C010,14.9,19.7,7.770263086,4117000,21.48819168,133.9325758,66.821,16.8,494.5,0.0369,0.000626,1.989,73.7,57,53.63758214,27.3257806,91.70088066,3.4
2021,CRAB,Acinetobacter baumannii,Carbapenems,0.921,216,199,Europe and Central Asia,C010,15,19.8,11.67848438,4115023.436,5.326565412,134.6177633,66.85783383,16.4,425.6,0.0165,0.000336,1.582,63.2,53,53.63758214,27.13217202,96.55763015,3.403816527
2022,CRAB,Acinetobacter baumannii,Carbapenems,0.946,202,191,Europe and Central Asia,C010,14.5,19.3,19.99791657,4199070.307,32.48282651,134.9381383,66.91550149,21.3,463.1,0.022,0.00024,2.209,69.5,52,53.63758214,27.02450635,97.1161721,3.411449582
2013,CRAB,Acinetobacter baumannii,Carbapenems,0.07,91,6,Europe and Central Asia,C011,4.1,8.2,7.721134505,26332000,16.59399514,136.1599586,73.29,19.3,728.7,0.0285,0.157,1.238,167.6,48,53.63758214,17,97.55802351,6.7
2014,CRAB,Acinetobacter baumannii,Carbapenems,0.07,59,4,Europe and Central Asia,C011,5.4,9.7,7.606114523,27166000,17.42986354,136.30338,73.384,18.7,718,0.0236,0.0911,1.048,157.1,51,53.63758214,18,96.98659494,6.68
2015,CRAB,Acinetobacter baumannii,Carbapenems,0.08,60,5,Europe and Central Asia,C011,5.1,9.6,7.201730272,29604000,17.76703771,136.589289,73.477,16.8,555.4,0.0138,0.0958,1.139,139.7,56,53.63758214,19.1,96.55802351,6.67
2016,CRAB,Acinetobacter baumannii,Carbapenems,0.07,57,4,Europe and Central Asia,C011,4.7,9,7.11495939,32519000,18.12168272,136.8518586,73.57,16.6,719.2,0.0218,0.0885,1.493,166.4,55,53.63758214,18.1,94.98659494,6.66
2017,CRAB,Acinetobacter baumannii,Carbapenems,0.16,55,9,Europe and Central Asia,C011,4.5,8.9,7.391612164,34701000,15.95528363,137.2158788,73.675,16.5,704.4,0.0222,0.0984,0.776,176.5,57,53.63758214,18.5,93.55802351,6.63
2018,CRAB,Acinetobacter baumannii,Carbapenems,0.21,91,19,Europe and Central Asia,C011,5.2,9.8,7.484474294,36268000,15.46120294,137.6755343,73.792,17.7,556.4,0.0124,0.085,2.119,129.9,59,53.63758214,18.6,93.55802351,6.62
2019,CRAB,Acinetobacter baumannii,Carbapenems,0.32,95,30,Europe and Central Asia,C011,5.1,9.8,7.385227869,37202000,15.33059693,138.2268103,73.921,13.4,615,0.0176,0.0611,1.524,154.6,56,53.63758214,18.80141289,93.8437378,6.62
2020,CRAB,Acinetobacter baumannii,Carbapenems,0.33,82,27,Europe and Central Asia,C011,5.1,9.6,8.980351782,37202000,12.583318,138.5759288,74.061,12.8,712.3,0.0246,0.0741,1.668,157,54,53.63758214,18.99914548,94.12945208,6.62
2012,CRAB,Acinetobacter baumannii,Carbapenems,0.066,121,8,Europe and Central Asia,C017,5.2,9.4,10.86672294,30411000,24.56152126,230.7506255,77.17,13,704.2,0.0253,0.183,1.22,186.3,79,53.63758214,15.7,92.70088066,8.34
2013,CRAB,Acinetobacter baumannii,Carbapenems,0.089,180,16,Europe and Central Asia,C017,5.2,9,11.01513219,31545000,23.58071964,231.1557126,77.18,13.5,720.4,0.029,0.23,1.401,176.4,78,53.63758214,17.1,92.12945208,8.28
2014,CRAB,Acinetobacter baumannii,Carbapenems,0.055,201,11,Europe and Central Asia,C017,6.6,10.6,11.05153939,32999000,22.98406717,232.1080539,77.19,13.5,700,0.0246,0.175,1.277,172.9,79,53.63758214,17.3,91.98659494,8.23
2015,CRAB,Acinetobacter baumannii,Carbapenems,0.065,337,22,Europe and Central Asia,C017,6,10.2,11.25123199,34970000,23.04162579,234.1529869,77.2,12.1,650.4,0.02,0.181,1.78,167.1,81,53.63758214,17.2,91.8437378,8.13
2016,CRAB,Acinetobacter baumannii,Carbapenems,0.049,452,22,Europe and Central Asia,C017,5.8,9.8,11.25628352,35555000,22.71025861,235.7129294,77.224,11.8,688.2,0.0255,0.208,1.365,175.6,81,53.63758214,17,91.41516637,8.06
2017,CRAB,Acinetobacter baumannii,Carbapenems,0.041,540,22,Europe and Central Asia,C017,5.8,9.8,11.34278204,37452000,22.4239148,236.5887226,77.261,11.9,808,0.0264,0.156,0.809,196.3,81,53.63758214,16.5,91.41516637,8
2018,CRAB,Acinetobacter baumannii,Carbapenems,0.044,527,23,Europe and Central Asia,C017,6.2,10.6,11.48118857,38881000,22.74966633,237.2940123,77.312,12.3,550.7,0.0178,0.206,2.51,136.5,80,53.63758214,15.8,91.41516637,8
2019,CRAB,Acinetobacter baumannii,Carbapenems,0.022,462,10,Europe and Central Asia,C017,6.2,10.5,11.35078976,39563000,22.83735916,237.8229543,77.376,10,661.6,0.0218,0.104,1.753,174.2,80,53.63758214,16.53684211,91.41516637,8
2020,CRAB,Acinetobacter baumannii,Carbapenems,0.031,607,19,Europe and Central Asia,C017,6.4,10.8,12.4497765,12449000,21.55996341,238.0173188,77.453,9.1,648.6,0.0197,0.157,2.006,159.4,80,53.63758214,16.53684211,91.41516637,8
2021,CRAB,Acinetobacter baumannii,Carbapenems,0.043,605,26,Europe and Central Asia,C017,5.4,9.5,16.38160417,71072269.92,17.79494803,237.7191191,77.54310933,9.9,753.7,0.0339,0.161,1.65,177.7,80,53.63758214,16.53684211,92.09593856,8.005502107
2022,CRAB,Acinetobacter baumannii,Carbapenems,0.035,713,25,Europe and Central Asia,C017,6.4,10.7,24.64446366,238049809.8,10.41528314,236.7701254,77.646328,9.6,595.1,0.0211,0.165,1.51,157,79,53.63758214,16.53684211,92.10688961,8.01650632
2012,CRAB,Acinetobacter baumannii,Carbapenems,0.094,64,6,Europe and Central Asia,C012,5.1,8.3,10.54281723,26402000,15.63349608,139.7893,87.142,9.7,754.5,0.0432,0.0265,1.596,184.6,90,53.63758214,17.4,90.70746069,3.13
2013,CRAB,Acinetobacter baumannii,Carbapenems,0.016,61,1,Europe and Central Asia,C012,5.2,8.4,10.35184285,26516000,15.53842377,140.3733,87.292,9.3,661.4,0.0145,0.0246,0.797,164.5,91,53.63758214,17.5,90.42174641,3.07
2014,CRAB,Acinetobacter baumannii,Carbapenems,0.016,62,1,Europe and Central Asia,C012,6.9,10,10.33893402,28070000,15.55640592,141.086875,87.41,11.1,804,0.0209,0.0247,2.527,174.7,92,53.63758214,17.1,90.27888926,2.69
2015,CRAB,Acinetobacter baumannii,Carbapenems,0.046,65,3,Europe and Central Asia,C012,6,9.2,10.38755834,28209000,15.74458883,142.087075,87.526,9.2,810.9,0.0189,0.0201,2.141,178.7,91,53.63758214,17.5,89.42174641,2.53
2016,CRAB,Acinetobacter baumannii,Carbapenems,2.22E-18,69,0,Europe and Central Asia,C012,5.9,8.9,10.28890878,28692000,15.81834884,143.20025,87.642,8.8,647.3,0.02,0.0211,2.1,165.7,90,53.63758214,17,90.99317498,2.6
2017,CRAB,Acinetobacter baumannii,Carbapenems,2.22E-18,66,0,Europe and Central Asia,C012,5.8,8.8,10.12673161,30736000,16.04328751,144.1245,87.757,8.6,907.6,0.0185,0.0222,1.616,188.6,88,53.63758214,16.2,93.56460355,2.61
2018,CRAB,Acinetobacter baumannii,Carbapenems,0.064,47,3,Europe and Central Asia,C012,6,9.4,10.11938016,30801000,16.25019074,144.8409,87.874,10.4,573.4,0.02,0.0244,2.672,148.2,88,53.63758214,15.6,93.13603212,2.43
2019,CRAB,Acinetobacter baumannii,Carbapenems,2.22E-18,72,0,Europe and Central Asia,C012,6.3,9.5,9.931276216,33093000,16.29055653,145.36055,87.994,9.1,811.8,0.0205,0.0233,2.561,183.3,87,53.63758214,15.18374347,93.27888926,2.6
2020,CRAB,Acinetobacter baumannii,Carbapenems,0.047,64,3,Europe and Central Asia,C012,6.7,9.9,10.43941416,15595000,15.14255853,145.7851,88.116,7.6,710.1,0.029,0.0241,2.361,167.9,88,53.63758214,14.76748694,92.99317498,2.6
2021,CRAB,Acinetobacter baumannii,Carbapenems,0.059,102,6,Europe and Central Asia,C012,5.6,8.7,12.59812978,45329299.97,11.73207707,146.2220571,88.23892788,7.9,700.5,0.0359,0.03,1.321,158.1,88,53.63758214,14.35123042,91.13626567,1.840584912
2022,CRAB,Acinetobacter baumannii,Carbapenems,0.052,96,5,Europe and Central Asia,C012,6.2,9.5,17.28441745,171696899.9,5.037285814,146.7730713,88.36178363,8.3,619.7,0.03,0.0324,2.394,160.2,90,53.63758214,13.93497389,91.15318063,0.198245265
2013,CRAB,Acinetobacter baumannii,Carbapenems,0.758,95,72,Europe and Central Asia,C047,8.5,13.9,9.043090372,103231000,28.99343154,93.2009456,79.133,10.4,649.6,0.0605,0.0739,0.655,132.1,59,53.63758214,25.6,94.12945208,2.96
2014,CRAB,Acinetobacter baumannii,Carbapenems,0.654,78,51,Europe and Central Asia,C047,9.2,14.8,9.078899707,107144000,29.73562422,92.92273645,79.366,10.3,512,0.0557,0.0664,0.838,109.6,60,53.63758214,27.8,94.98659494,2.97
2015,CRAB,Acinetobacter baumannii,Carbapenems,0.537,95,51,Europe and Central Asia,C047,8.9,14.7,9.121246399,109834000,28.68404396,92.95268592,79.602,11.9,654.1,0.0325,0.0464,1.3,128.4,58,53.63758214,29.1,95.41516637,2.98
2016,CRAB,Acinetobacter baumannii,Carbapenems,0.623,106,66,Europe and Central Asia,C047,9.1,14.6,8.955824866,115561000,28.44684327,93.04926296,79.84,10.4,490.6,0.0511,0.0617,1.562,109.5,58,53.63758214,28.1,95.70088066,2.97
2017,CRAB,Acinetobacter baumannii,Carbapenems,0.663,92,61,Europe and Central Asia,C047,9,14.8,8.957493115,121717000,29.49172613,93.27091015,80.08,11.2,797.9,0.0286,0.0201,1.103,144.3,57,53.63758214,27.4,94.27230923,2.97
2018,CRAB,Acinetobacter baumannii,Carbapenems,0.543,81,44,Europe and Central Asia,C047,8.9,14.4,9.023779125,124456000,29.77552444,93.66979208,80.321,10.6,594.9,0.0601,0.0556,1.016,117.2,58,53.63758214,26.9,95.12945208,2.97
2019,CRAB,Acinetobacter baumannii,Carbapenems,0.566,83,47,Europe and Central Asia,C047,8.8,14.6,8.877025504,126170000,29.38731451,94.3508089,80.565,10.6,632.9,0.0509,0.0475,1.811,129.3,62,53.63758214,26.9,94.70088066,2.97
2020,CRAB,Acinetobacter baumannii,Carbapenems,0.609,92,56,Europe and Central Asia,C047,9.3,14.9,10.65533975,36410000,26.73799188,94.81538375,80.81,10.2,637.4,0.0448,0.0443,0.89,126.9,62,53.63758214,26.9,94.27230923,2.97
2021,CRAB,Acinetobacter baumannii,Carbapenems,0.57,93,53,Europe and Central Asia,C047,9,14.5,16.63369906,240622124.4,20.10450692,94.5294678,81.05372205,10.3,551.9,0.0457,0.0539,0.809,116,61,53.63758214,26.9,95.87140057,2.96964041
2022,CRAB,Acinetobacter baumannii,Carbapenems,0.359,92,33,Europe and Central Asia,C047,9.7,15.4,28.95021092,795375373.1,7.897755182,92.99448418,81.29416616,12.1,1739.2,0.0425,0.0246,1.094,99.2,60,53.63758214,26.9,96.0157018,2.968921229
2013,CRAB,Acinetobacter baumannii,Carbapenems,2.22E-18,35,0,Europe and Central Asia,C015,-1.1,3.3,9.805528071,2797000,20.53725714,17.89783145,85.125,6.2,542.1,0.0108,0.26,1.229,176.3,89,53.63758214,19.7,92.94786561,4.87
2014,CRAB,Acinetobacter baumannii,Carbapenems,0.031,32,1,Europe and Central Asia,C015,-0.6,3.5,9.781280949,2731000,20.44188252,17.97200303,85.175,7.3,552.2,0.00832,0.237,1.187,170.2,89,53.63758214,20.4,92.80500846,4.53
2015,CRAB,Acinetobacter baumannii,Carbapenems,0.023,43,1,Europe and Central Asia,C015,-0.2,3.7,9.645361948,2622000,21.43538431,18.03011089,85.225,5.7,636,0.0138,0.348,1.442,206.7,90,53.63758214,19.8,92.23357989,4.35
2017,CRAB,Acinetobacter baumannii,Carbapenems,0.027,37,1,Europe and Central Asia,C015,-1.3,2.5,9.126824785,3180000,21.98470459,18.12389445,85.325,4.7,619.9,0.0109,0.294,1.496,194.9,85,53.63758214,17.6,89.85031784,3.28
2019,CRAB,Acinetobacter baumannii,Carbapenems,2.22E-18,43,0,Europe and Central Asia,C015,-1.3,2.8,8.908005955,3290000,19.80098518,18.16736091,85.446,5,644.3,0.0117,0.268,1.32,200.3,86,53.63758214,19.00062129,91.13603212,3.61
2020,CRAB,Acinetobacter baumannii,Carbapenems,0.054,37,2,Europe and Central Asia,C015,0.3,4.3,9.362166944,896000,18.65169156,18.19287688,85.517,4.9,645,0.0132,0.333,1.343,195.5,85,53.63758214,19.36066149,90.56460355,3.61
2021,CRAB,Acinetobacter baumannii,Carbapenems,0.021,47,1,Europe and Central Asia,C015,-1.7,2.4,11.10973588,6616489.093,19.72591887,18.23479531,85.59505372,5.2,626,0.0122,0.337,1.516,181.1,88,53.63758214,19.54568149,90.83337093,4.081280277
2012,CRAB,Acinetobacter baumannii,Carbapenems,0.033,389,13,Europe and Central Asia,C016,7.3,11.6,11.3640761,197522000,29.70904632,119.9185473,78.878,14.1,880,0.0755,0.142,1.54,165.5,71,53.63758214,27.3,89.55802351,6.34
2013,CRAB,Acinetobacter baumannii,Carbapenems,0.059,406,24,Europe and Central Asia,C016,7.1,11.2,11.4745468,204410000,29.6975381,120.5395767,79.135,14.5,941.6,0.0941,0.242,1.424,179.2,71,53.63758214,27.2,90.41516637,6.28
2014,CRAB,Acinetobacter baumannii,Carbapenems,0.025,401,10,Europe and Central Asia,C016,8.3,12.6,11.55961489,206599000,29.66719385,121.1053224,79.394,11.5,944.2,0.0849,0.24,2.591,176.6,69,53.63758214,28.4,90.55802351,6.2
2015,CRAB,Acinetobacter baumannii,Carbapenems,0.056,428,24,Europe and Central Asia,C016,7.9,12.2,11.45628603,203302000,27.73507328,121.5367021,79.655,12.2,723.1,0.0617,0.163,2.613,149.1,70,53.63758214,28.9,91.12945208,6.13
2016,CRAB,Acinetobacter baumannii,Carbapenems,0.071,450,32,Europe and Central Asia,C016,7.6,11.8,11.50008073,203042000,24.98901037,121.857823,79.917,11.2,819.6,0.0802,0.185,2.151,161.7,69,53.63758214,29.2,90.98659494,6.06
2017,CRAB,Acinetobacter baumannii,Carbapenems,0.062,469,29,Europe and Central Asia,C016,7.6,12,11.37595256,207274000,24.28123296,122.2119706,80.18,10.8,739.3,0.0685,0.158,1.487,152.3,70,53.63758214,27.5,90.98659494,5.98
2018,CRAB,Acinetobacter baumannii,Carbapenems,0.065,490,32,Europe and Central Asia,C016,8.3,12.7,11.23465814,211998000,24.21782071,122.6508802,80.444,10.7,875.8,0.0989,0.266,2.157,165.2,72,53.63758214,27.1,91.55802351,5.91
2019,CRAB,Acinetobacter baumannii,Carbapenems,0.09,487,44,Europe and Central Asia,C016,8,12.4,10.79584072,217877000,24.83544638,123.0702941,80.709,9.6,853.9,0.0742,0.13,1.452,165.9,69,53.63758214,27.30774406,92.27230923,5.91
2020,CRAB,Acinetobacter baumannii,Carbapenems,0.033,692,23,Europe and Central Asia,C016,8.4,12.8,11.92559868,117109000,23.28100842,123.4046994,80.975,8.9,825.6,0.0821,0.244,3.317,159.2,69,53.63758214,27.48480178,92.27230923,5.91
2021,CRAB,Acinetobacter baumannii,Carbapenems,0.031,720,22,Europe and Central Asia,C016,7.4,11.7,16.62087464,204333703.3,16.4978771,123.5926676,81.24199879,10.1,837.5,0.104,0.279,1.938,158.8,71,53.63758214,27.6357059,94.3814822,5.832143223
2022,CRAB,Acinetobacter baumannii,Carbapenems,0.035,857,30,Europe and Central Asia,C016,8.6,13.2,26.74776698,854253109.9,1.632950876,123.5686858,81.50999637,10.6,656.3,0.0838,0.246,2.062,134,72,53.63758214,27.76431963,95.07379475,5.606429668
2012,CRAB,Acinetobacter baumannii,Carbapenems,0.025,80,2,Europe and Central Asia,C054,5.7,8.9,10.01163495,32221000,19.36975501,263.3001901,81.837,11.3,1399,0.0404,0.395,0.576,206.8,74,53.63758214,19.6,91.42174641,2.81
2013,CRAB,Acinetobacter baumannii,Carbapenems,0.02,149,3,Europe and Central Asia,C054,5.7,8.9,9.936050081,33567000,19.58434683,265.0695366,82.102,12.6,1317.8,0.0248,0.357,0.364,200.3,76,53.63758214,19.3,91.70746069,2.76
2014,CRAB,Acinetobacter baumannii,Carbapenems,0.017,120,2,Europe and Central Asia,C054,6.7,9.9,9.935806686,35337000,19.54077915,267.0288844,82.365,12.3,1196.4,0.0322,0.449,1.718,187.8,78,53.63758214,21.1,91.85031784,2.73
2015,CRAB,Acinetobacter baumannii,Carbapenems,0.008,132,1,Europe and Central Asia,C054,5.9,9.2,9.866622006,36792000,19.6044745,269.1531393,82.626,10.6,1208,0.034,0.375,0.614,197,81,53.63758214,20.5,91.85031784,2.61
2016,CRAB,Acinetobacter baumannii,Carbapenems,0.015,584,9,Europe and Central Asia,C054,6.1,9.4,9.813342308,39129000,19.12020704,271.2007316,82.886,10.8,1144.8,0.025,0.379,1.161,178.4,81,53.63758214,20,91.27888926,2.57
2017,CRAB,Acinetobacter baumannii,Carbapenems,0.028,782,22,Europe and Central Asia,C054,6.4,9.6,9.675228559,41080000,19.62010241,273.049473,83.143,10.5,1296,0.0254,0.304,1.424,203.8,82,53.63758214,19.1,91.13603212,2.54
2018,CRAB,Acinetobacter baumannii,Carbapenems,0.018,714,13,Europe and Central Asia,C054,6.1,9.5,9.761558021,40283000,19.89193258,274.7089819,83.398,10.7,1359.3,0.0269,0.326,0.998,198,80,53.63758214,18,91.13603212,2.5
2019,CRAB,Acinetobacter baumannii,Carbapenems,0.021,718,15,Europe and Central Asia,C054,6.2,9.6,9.853163498,40857000,19.75936134,276.2630802,83.652,10.4,1171.3,0.0354,0.345,1.231,175.1,77,53.63758214,18,91.41516637,2.46
2020,CRAB,Acinetobacter baumannii,Carbapenems,0.02,568,11,Europe and Central Asia,C054,6.4,9.7,12.15864268,11101000,16.29167402,277.2753854,83.903,9.6,1176.4,0.0371,0.441,1.373,180.8,77,53.63758214,18,91.41516637,2.46
2012,CRAB,Acinetobacter baumannii,Carbapenems,0.878,1254,1101,Europe and Central Asia,C018,11.7,16.2,8.890834009,17284000,36.25056175,85.68666408,77.004,17.9,731.6,0.104,0.0415,0.614,91.8,36,53.63758214,33.5,94.55802351,4.45
2013,CRAB,Acinetobacter baumannii,Carbapenems,0.906,848,768,Europe and Central Asia,C018,11.8,16.2,8.408514515,20112000,37.78532993,85.06757952,77.355,15.2,656.4,0.113,0.0908,0.841,90,40,53.63758214,34.9,94.55802351,4.24
2014,CRAB,Acinetobacter baumannii,Carbapenems,0.932,841,784,Europe and Central Asia,C018,12,16.2,7.866571646,24272000,41.8206349,84.50281614,77.702,16.1,842.6,0.117,0.0575,0.887,107.8,43,53.63758214,41.9,94.70088066,4.24
2015,CRAB,Acinetobacter baumannii,Carbapenems,0.935,983,919,Europe and Central Asia,C018,11.4,15.8,8.191931841,26114000,40.72160096,83.94788984,78.046,15.6,705.8,0.125,0.09,1.132,89.1,46,53.63758214,44.2,94.70088066,4.25
2016,CRAB,Acinetobacter baumannii,Carbapenems,0.954,861,821,Europe and Central Asia,C018,11.9,16.4,8.442653148,28071000,48.34596476,83.5994647,78.387,15.4,627.2,0.104,0.0584,1.217,84.4,44,53.63758214,42.2,94.70088066,4.2
2017,CRAB,Acinetobacter baumannii,Carbapenems,0.948,1095,1038,Europe and Central Asia,C018,11.4,16,8.124949308,30161000,47.65895553,83.43428239,78.724,15.5,663,0.0839,0.0311,1.292,87.7,48,53.63758214,42.6,94.70088066,4.21
2018,CRAB,Acinetobacter baumannii,Carbapenems,0.924,1013,936,Europe and Central Asia,C018,12.5,16.7,8.113981064,33072000,47.70194219,83.26518231,79.058,15.6,698.2,0.119,0.0714,1.081,94.6,45,53.63758214,45.9,94.70088066,4.2
2019,CRAB,Acinetobacter baumannii,Carbapenems,0.923,196,181,Europe and Central Asia,C018,12.2,16.6,7.989848122,34005000,51.10736456,83.17751746,79.388,15.7,822.1,0.104,0.0428,1.32,99.6,48,53.63758214,45.9,94.70088066,4.2
2020,CRAB,Acinetobacter baumannii,Carbapenems,0.946,740,700,Europe and Central Asia,C018,12,16.5,9.33594401,7406000,45.87668176,82.99921645,79.715,14.7,629.9,0.0803,0.0253,1.284,80.6,50,53.63758214,45.9,94.70088066,4.2
2021,CRAB,Acinetobacter baumannii,Carbapenems,0.969,1377,1334,Europe and Central Asia,C018,12.3,16.6,13.87323339,73507388.11,19.42692398,82.53915915,80.0401525,16,676.4,0.147,0.0688,1.494,88.6,49,53.63758214,45.9,96.10116757,4.185138595
2022,CRAB,Acinetobacter baumannii,Carbapenems,0.959,1531,1468,Europe and Central Asia,C018,11.8,16.3,23.1851098,234289164.3,40.24044967,81.62527416,80.36445751,16.7,531.1,0.0792,0.0513,0.996,76.1,52,53.63758214,45.9,96.43206573,4.145415784
2013,CRAB,Acinetobacter baumannii,Carbapenems,0.895,114,102,Europe and Central Asia,C009,7.9,12.4,6.415706536,48345000,14.94449386,76.04333143,55.706,19.3,1315.7,0.127,0.275,0.685,162.1,48,53.63758214,22.4,96.28571429,5.86
2014,CRAB,Acinetobacter baumannii,Carbapenems,0.873,166,145,Europe and Central Asia,C009,8.6,13.1,6.597061324,51168000,15.95567368,75.73420413,55.923,18,1484.2,0.155,0.326,0.704,176.2,48,53.63758214,22.5,95.57142857,5.91
2015,CRAB,Acinetobacter baumannii,Carbapenems,0.89,200,178,Europe and Central Asia,C009,8.3,13,6.655693661,55858000,16.88346831,75.11264384,56.155,20.2,1114.9,0.079,0.201,0.718,141.2,51,53.63758214,22.5,94.71428571,5.56
2016,CRAB,Acinetobacter baumannii,Carbapenems,0.945,181,171,Europe and Central Asia,C009,8.1,12.7,6.699235238,57587000,17.14746297,74.58989708,56.403,19.3,1226.6,0.108,0.234,1.01,160.9,49,53.63758214,22.3,93.71428571,5.49
2017,CRAB,Acinetobacter baumannii,Carbapenems,0.962,208,200,Europe and Central Asia,C009,7.8,12.6,6.609822047,59238000,17.14684515,73.69971768,56.667,18.6,1064.5,0.0965,0.126,1.351,140,49,53.63758214,22.5,92.85714286,5.54
2018,CRAB,Acinetobacter baumannii,Carbapenems,0.955,155,148,Europe and Central Asia,C009,8.7,13.4,6.721258625,57668000,17.54514057,73.04415338,56.947,19.4,1101,0.101,0.244,1.108,155.7,48,53.63758214,22.7,94.28571429,5.54
2019,CRAB,Acinetobacter baumannii,Carbapenems,0.923,143,132,Europe and Central Asia,C009,8.8,13.5,6.568211849,60021000,18.4482875,72.64050104,57.242,16.1,1302.1,0.121,0.114,1.304,160.6,47,53.63758214,22.9,94.42857143,5.54
2020,CRAB,Acinetobacter baumannii,Carbapenems,0.964,225,217,Europe and Central Asia,C009,8.3,13,7.5074392,21608000,18.11797058,72.33166548,57.553,15.3,1127,0.0959,0.111,1.728,148.7,47,53.63758214,23.1,93.14285714,5.54
2021,CRAB,Acinetobacter baumannii,Carbapenems,0.995,407,405,Europe and Central Asia,C009,7.8,12.5,11.01399717,105385910.2,14.72150123,71.96503689,57.8811308,15.6,1069.4,0.0991,0.155,1.898,137.9,47,53.63758214,23.3,95.29879585,5.53510163
2022,CRAB,Acinetobacter baumannii,Carbapenems,0.986,291,287,Europe and Central Asia,C009,8.7,13.5,18.44464325,365649730.7,6.520564087,71.38352008,58.22739239,16.6,869.3,0.0828,0.0951,1.383,141.5,50,53.63758214,23.5,95.3434535,5.525304889
2012,CRAB,Acinetobacter baumannii,Carbapenems,0.481,418,201,Europe and Central Asia,C019,6.5,11.6,7.402005678,43565000,35.15967264,109.5809345,69.678,20.2,524.9,0.00633,0.0101,1.235,124.2,55,53.63758214,14.9,97.14943718,7
2013,CRAB,Acinetobacter baumannii,Carbapenems,0.501,481,241,Europe and Central Asia,C019,6.7,11.5,7.222938697,43611000,33.79019411,109.2795979,69.953,19.2,619.4,0.0156,0.057,1.317,139.6,54,53.63758214,15.3,97.14943718,7.04
2014,CRAB,Acinetobacter baumannii,Carbapenems,0.445,443,197,Europe and Central Asia,C019,7.5,12.4,7.03888541,45984000,33.27833621,108.1138286,70.227,18.2,727.8,0.0227,0.0469,1.06,139,54,53.63758214,16.3,97.14943718,6.98
2015,CRAB,Acinetobacter baumannii,Carbapenems,0.552,467,258,Europe and Central Asia,C019,7.1,12.1,6.845299326,48345000,32.21471894,107.8569801,70.5,19,574.3,0.00911,0.0487,0.904,124.5,51,53.63758214,17.4,97.14943718,6.99
2016,CRAB,Acinetobacter baumannii,Carbapenems,0.586,401,235,Europe and Central Asia,C019,6.7,11.6,6.976072383,52890000,32.28891876,107.5391519,70.779,17.1,744.2,0.0158,0.0507,1.561,143.6,48,53.63758214,15.9,97.14943718,7
2017,CRAB,Acinetobacter baumannii,Carbapenems,0.525,358,188,Europe and Central Asia,C019,6.5,11.6,6.732726237,54962000,31.5602077,107.253627,71.062,18.9,623.6,0.011,0.0269,0.642,134.8,45,53.63758214,16.2,97.14943718,7.02
2018,CRAB,Acinetobacter baumannii,Carbapenems,0.552,357,197,Europe and Central Asia,C019,7.3,12.4,6.574282676,57667000,30.79599878,107.1177296,71.351,18.3,593.8,0.0106,0.0476,1.905,137.1,46,53.63758214,16.4,97.14943718,7.01
2019,CRAB,Acinetobacter baumannii,Carbapenems,0.51,418,213,Europe and Central Asia,C019,7.4,12.6,6.090805276,61397000,31.69131191,107.0692636,71.644,14.7,618.9,0.00982,0.00891,1.381,136.8,44,53.63758214,16.4,97.14943718,7.01
2020,CRAB,Acinetobacter baumannii,Carbapenems,0.73,534,390,Europe and Central Asia,C019,7.1,12,7.04628404,31641000,28.89746979,106.8392395,71.942,13.6,646,0.0125,0.0142,1.307,135.4,44,53.63758214,16.4,97.14943718,7.01
2021,CRAB,Acinetobacter baumannii,Carbapenems,0.83,1445,1199,Europe and Central Asia,C019,6.3,11.3,11.34693161,68006134.87,16.66933062,106.1475583,72.24625983,14.4,558.3,0.00742,0.0239,1.655,134.9,43,53.63758214,16.4,97.15896099,6.995536034
2022,CRAB,Acinetobacter baumannii,Carbapenems,0.579,549,318,Europe and Central Asia,C019,7.3,12.3,20.75673799,272055404.6,10.34178291,104.7252304,72.5577795,14,505.2,0.00986,0.00802,1.04,121.8,42,53.63758214,16.4,97.16044522,6.956608101
2008,CRAB,Acinetobacter baumannii,Carbapenems,0.81,32,26,South Asia,C021,18.2,24.1,3.585137437,5283000,75.50202211,405.8720788,30.246,51.9,1170,0.268,0.302,0.753,56.4,34,59.33857962,9,70.93371294,0.41
2009,CRAB,Acinetobacter baumannii,Carbapenems,0.87,53,46,South Asia,C021,18.9,24.8,3.547271024,5168000,73.37130063,411.5580101,30.587,51.1,1014.3,0.237,0.226,0.907,51.2,34,59.33857962,9.6,74.36228436,0.44
2010,CRAB,Acinetobacter baumannii,Carbapenems,0.81,77,62,South Asia,C021,18.8,24.7,3.335892588,5776000,72.8231755,417.2668481,30.93,50.6,1273.4,0.309,0.323,1.147,60.3,33,59.33857962,10.2,76.36228436,0.47
2011,CRAB,Acinetobacter baumannii,Carbapenems,0.85,127,108,South Asia,C021,18.3,24.2,3.246342764,6309000,70.25712556,422.9871589,31.276,53.9,1151.6,0.273,0.347,0.959,59.4,31,59.43491763,10.9,70.40759374,0.63
2012,CRAB,Acinetobacter baumannii,Carbapenems,0.92,146,134,South Asia,C021,18.2,24.1,3.329352008,6578000,71.06796396,428.659862,31.634,52,1060,0.269,0.287,0.667,55,36,59.53460088,11.1,75.69330802,0.49
2013,CRAB,Acinetobacter baumannii,Carbapenems,0.87,129,112,South Asia,C021,18.1,24,3.74944131,6968000,76.65864793,434.2581749,32.003,51.4,1253.8,0.275,0.355,0.687,61.4,36,59.63734533,11.8,68.57142857,0.49
2014,CRAB,Acinetobacter baumannii,Carbapenems,0.84,83,70,South Asia,C021,18.2,24.1,3.619565875,13107000,75.58837071,439.6780929,32.384,50.9,1073.8,0.235,0.238,1.66,54.1,38,59.7434301,12.7,71.71428571,0.52
2015,CRAB,Acinetobacter baumannii,Carbapenems,0.73,1300,949,South Asia,C021,18.4,24.2,3.5956592,13284000,73.64810446,444.931708,32.777,50.6,1124.8,0.248,0.229,0.419,56.4,38,61.83639136,13.3,78.28571429,0.58
2016,CRAB,Acinetobacter baumannii,Carbapenems,0.83,94,78,South Asia,C021,18.7,24.6,3.504304176,14570000,72.51978927,450.2357199,33.182,53.6,1113.5,0.261,0.296,1.411,55.5,40,63.9222864,13.7,85,0.48
2017,CRAB,Acinetobacter baumannii,Carbapenems,0.77,503,387,South Asia,C021,18.6,24.5,2.935976047,15543000,66.46324199,455.468934,33.6,54.5,1161,0.264,0.269,1.694,58.8,40,66.00089544,14,88.28571429,0.53
2018,CRAB,Acinetobacter baumannii,Carbapenems,0.69,590,407,South Asia,C021,18.5,24.3,2.862458263,17423000,65.24590595,460.4493174,34.03,55.9,1025.5,0.238,0.251,0.82,55.6,41,68.07148665,14.2,89.57142857,0.53
2019,CRAB,Acinetobacter baumannii,Carbapenems,0.71,1488,1056,South Asia,C021,18.4,24.3,2.910162265,17914000,65.64927174,465.1946394,34.472,52.9,1326.4,0.286,0.334,1.339,60.4,41,70.13359887,14.53190008,90.57142857,0.53
2020,CRAB,Acinetobacter baumannii,Carbapenems,0.78,1546,1206,South Asia,C021,18.3,24.1,2.926438139,17914000,62.36386405,469.6595667,34.926,51.5,1254.1,0.279,0.336,0.786,62.2,40,72.18676937,14.96290507,85,0.53
2013,CRAB,Acinetobacter baumannii,Carbapenems,0.024,85,2,Europe and Central Asia,C022,6.3,9.6,10.33744963,8260000,29.40829552,67.11882712,62.141,9.1,1135.2,0.0271,0.407,1.263,218.9,72,53.63758214,24,90.66897634,2.56
2014,CRAB,Acinetobacter baumannii,Carbapenems,0.013,79,1,Europe and Central Asia,C022,6.9,10.2,9.578874434,8813000,28.99466813,67.61126433,62.34,8.4,1361.7,0.0348,0.539,1.175,238.3,74,53.63758214,25.2,90.5261192,2.57
2015,CRAB,Acinetobacter baumannii,Carbapenems,0.06,84,5,Europe and Central Asia,C022,6.1,9.6,7.3506751,9528000,27.99103231,68.25311366,62.538,7.8,1377.2,0.043,0.494,1.94,236.3,75,53.63758214,26.6,90.5261192,2.92
2016,CRAB,Acinetobacter baumannii,Carbapenems,2.22E-18,65,0,Europe and Central Asia,C022,6.5,9.9,7.487237421,10100000,27.27870871,69.0279431,62.737,7.9,1134.6,0.0241,0.496,1.672,217.9,73,53.63758214,26.2,81.95469063,2.96
2017,CRAB,Acinetobacter baumannii,Carbapenems,0.063,63,4,Europe and Central Asia,C022,6.8,10.1,7.160484674,10338000,27.02087662,69.78353898,62.947,7.2,1183.9,0.0288,0.386,1.572,236.5,74,53.63758214,25.2,79.38326206,2.97
2018,CRAB,Acinetobacter baumannii,Carbapenems,0.017,60,1,Europe and Central Asia,C022,6.4,9.8,6.920121579,10926000,25.87392573,70.65344753,63.17,7.8,1222.6,0.0275,0.431,2.406,220.8,73,53.63758214,25.2,78.81183349,2.97
2019,CRAB,Acinetobacter baumannii,Carbapenems,0.016,63,1,Europe and Central Asia,C022,6.6,10,6.539471101,10951000,25.37178569,71.62636087,63.405,8.6,1302.2,0.0359,0.498,1.626,242,74,53.63758214,25.61111111,78.5261192,2.97
2020,CRAB,Acinetobacter baumannii,Carbapenems,2.22E-18,52,0,Europe and Central Asia,C022,6.6,9.9,7.086828808,10951000,21.17391467,72.36728117,63.653,7.9,1366.2,0.044,0.575,1.857,244.1,72,53.63758214,26.02222222,78.81183349,2.97
2021,CRAB,Acinetobacter baumannii,Carbapenems,0.015,66,1,Europe and Central Asia,C022,6.7,10.1,9.738068356,11573481.14,8.557569479,72.52638606,63.91511861,8.1,1160.4,0.0304,0.474,2.644,215.9,74,53.63758214,26.43333333,82.30503491,2.967189437
2022,CRAB,Acinetobacter baumannii,Carbapenems,0.026,78,2,Europe and Central Asia,C022,7,10.5,15.56148531,13356443.43,16.81779171,71.76867772,64.19235582,8.1,1157.4,0.0347,0.43,2.147,211.7,77,53.63758214,26.84444444,82.28155934,2.961568312
2012,CRAB,Acinetobacter baumannii,Carbapenems,0.831,231,192,Europe and Central Asia,C023,10.8,14.9,8.805047061,76293000,24.1231882,201.3395093,68.684,18.9,693,0.146,0.145,0.705,117.8,42,53.63758214,23.8,92.65557129,3.42
2013,CRAB,Acinetobacter baumannii,Carbapenems,0.795,468,372,Europe and Central Asia,C023,10.7,14.6,8.856115944,76762000,24.24148213,203.6871208,68.979,17.4,790.3,0.174,0.261,0.568,131,43,53.63758214,24.6,92.41516637,3.31
2014,CRAB,Acinetobacter baumannii,Carbapenems,0.899,477,429,Europe and Central Asia,C023,11.3,15.2,8.868862715,77694000,24.57506739,205.5645581,69.272,15.7,852.6,0.221,0.364,1.357,137.4,43,53.63758214,24.9,91.27230923,3.21
2015,CRAB,Acinetobacter baumannii,Carbapenems,0.783,664,520,Europe and Central Asia,C023,11.1,15.1,8.847417835,81068000,25.56458158,205.3665384,69.565,18.4,682.8,0.12,0.174,0.449,115.7,44,53.63758214,24.8,89.98659494,3.2
2016,CRAB,Acinetobacter baumannii,Carbapenems,0.785,702,551,Europe and Central Asia,C023,11.1,15,8.719857291,84925000,25.59896731,205.0179495,69.855,16.2,712.2,0.143,0.153,1.04,123.1,47,53.63758214,24.2,90.27230923,3.17
2017,CRAB,Acinetobacter baumannii,Carbapenems,0.787,868,683,Europe and Central Asia,C023,10.8,14.8,8.670186961,89931000,26.26462371,204.7109374,70.144,17.3,618.3,0.1,0.105,1.264,107.9,50,53.63758214,24,92.27230923,3.18
2018,CRAB,Acinetobacter baumannii,Carbapenems,0.792,1383,1095,Europe and Central Asia,C023,11.5,15.4,8.6729469,93228601.56,26.13889069,204.3222259,70.438,15.7,699.7,0.17,0.198,0.783,127.2,52,53.63758214,24.1,92.98659494,3.14
2019,CRAB,Acinetobacter baumannii,Carbapenems,0.793,1588,1259,Europe and Central Asia,C023,11.3,15.3,8.375004891,95399000,26.25528058,201.9805456,70.736,15,824.1,0.168,0.176,1.201,126.1,53,53.63758214,24.54736842,93.41516637,3.14
2020,CRAB,Acinetobacter baumannii,Carbapenems,0.808,2552,2062,Europe and Central Asia,C023,11.1,15.2,9.345350147,38419000,23.92312126,200.9991005,71.039,15.4,703.1,0.127,0.145,1.075,112.9,53,53.63758214,24.54736842,91.98659494,3.14
2021,CRAB,Acinetobacter baumannii,Carbapenems,0.869,2734,2376,Europe and Central Asia,C023,11,15,13.26562905,139123731.1,16.18737155,205.0126794,71.3482257,14.9,686.6,0.13,0.18,1.019,120.8,56,53.63758214,24.54736842,93.6867625,3.089054735
2022,CRAB,Acinetobacter baumannii,Carbapenems,0.885,2742,2427,Europe and Central Asia,C023,11.5,15.7,21.70483081,495252388.5,0.357359318,217.3344863,71.66467709,16.3,552.8,0.0953,0.0856,1.764,104.2,56,53.63758214,24.54736842,93.91375556,2.947164206
2016,CRAB,Acinetobacter baumannii,Carbapenems,0.69,169,117,East Asia and Pacific,C046,5.2,10.1,6.90190495,17242000,42.47815186,525.3700725,81.562,22.3,1063.3,0.131,0.0444,1.237,141.4,53,53.63758214,24.86666667,97.71428571,11.98
2017,CRAB,Acinetobacter baumannii,Carbapenems,0.8,235,188,East Asia and Pacific,C046,5,10.1,7.086291484,13336000,42.08642872,526.7348067,81.503,20.8,866.8,0.0832,0.0317,1.5,132,54,53.63758214,25.23333333,97.28571429,12.27
2018,CRAB,Acinetobacter baumannii,Carbapenems,0.79,247,195,East Asia and Pacific,C046,5.9,10.8,7.530476334,15347000,41.54320636,528.9690115,81.459,22.8,858.5,0.122,0.049,0.675,138.1,57,53.63758214,25.73333333,97.85714286,12.43
2019,CRAB,Acinetobacter baumannii,Carbapenems,0.77,225,173,East Asia and Pacific,C046,5.9,10.9,8.057690154,17503000,40.47150345,530.3772746,81.43,19.8,960.6,0.0812,0.0253,1.624,141.4,59,53.63758214,26.28560181,97.71428571,12.43
2020,CRAB,Acinetobacter baumannii,Carbapenems,0.72,217,156,East Asia and Pacific,C046,5.5,10.5,8.462106521,2519000,38.98679574,531.1090061,81.414,20.4,886.3,0.104,0.0222,1.344,125.4,61,53.63758214,26.81037514,97.71428571,12.43
2014,CRAB,Acinetobacter baumannii,Carbapenems,0.697,66,46,Europe and Central Asia,C026,6.4,10.7,6.169960642,5217000,33.29360733,46.80553871,67.108,12.1,928.6,0.0263,0.227,2.238,195.7,58,53.63758214,28.2,93.71428571,7.26
2015,CRAB,Acinetobacter baumannii,Carbapenems,0.808,73,59,Europe and Central Asia,C026,5.7,10.1,6.454108653,5048000,33.6193751,46.36727853,67.23,12.1,827.2,0.0177,0.172,2.095,188.1,61,53.63758214,27.8,93.71428571,6.97
2016,CRAB,Acinetobacter baumannii,Carbapenems,0.816,87,71,Europe and Central Asia,C026,5.4,9.7,6.590754285,5322000,34.00999432,45.78766642,67.366,11.2,984.4,0.0507,0.231,1.944,205.7,59,53.63758214,26.9,94.42857143,6.69
2017,CRAB,Acinetobacter baumannii,Carbapenems,0.885,87,77,Europe and Central Asia,C026,5.6,10,6.430798769,5590000,34.69214582,45.15258377,67.516,10.9,922.1,0.0258,0.102,1.542,208.3,59,53.63758214,25,94.14285714,6.56
2018,CRAB,Acinetobacter baumannii,Carbapenems,0.898,88,79,Europe and Central Asia,C026,6.1,10.7,6.513279873,6115000,33.69522719,44.73164618,67.679,10.9,808.5,0.0254,0.217,2.427,166.9,59,53.63758214,24.8,92.71428571,6.43
2019,CRAB,Acinetobacter baumannii,Carbapenems,0.852,108,92,Europe and Central Asia,C026,5.9,10.4,6.750374158,6150000,34.55065433,44.6205206,67.855,9,915.2,0.026,0.0803,2.642,205.3,60,53.63758214,25.49710849,93,6.43
2020,CRAB,Acinetobacter baumannii,Carbapenems,0.911,157,143,Europe and Central Asia,C026,6.3,10.9,7.297362125,2284000,30.76827865,44.63246567,68.046,8.3,840.1,0.04,0.239,3.445,185.6,60,53.63758214,25.8497488,91.57142857,6.43
2021,CRAB,Acinetobacter baumannii,Carbapenems,0.961,360,346,Europe and Central Asia,C026,5.1,9.4,8.335280966,9025445.843,15.19515786,44.56797803,68.25411739,9.1,1045.3,0.0657,0.176,1.792,209.6,61,53.63758214,26.02813594,96.93605442,6.280183278
2022,CRAB,Acinetobacter baumannii,Carbapenems,0.887,141,125,Europe and Central Asia,C026,6.3,11,10.01941118,31189337.53,18.65885662,44.24031631,68.48135218,9.2,810.2,0.0427,0.185,1.96,170.5,62,53.63758214,26.11837513,97.42065553,5.850549833
2014,CRAB,Acinetobacter baumannii,Carbapenems,0.788,52,41,Europe and Central Asia,C025,12.4,17.3,5.442415043,6246000,40.32760276,32.04046475,67.952,27.3,584.2,0.0424,0.00234,2.33,68,55,53.63758214,18.2,92,5.66
2015,CRAB,Acinetobacter baumannii,Carbapenems,0.689,61,42,Europe and Central Asia,C025,12,16.9,5.627725637,6842000,41.34373641,31.77924374,67.98,30.6,714.7,0.0782,0.00138,2.166,77.1,55,53.63758214,21.7,93.85714286,5.69
2016,CRAB,Acinetobacter baumannii,Carbapenems,0.732,82,60,Europe and Central Asia,C025,12.4,17.4,6.103910544,6797000,44.11512432,31.49014094,68.021,27.9,684.2,0.0592,0.00135,1.946,74.7,57,53.63758214,24.2,95.71428571,5.72
2017,CRAB,Acinetobacter baumannii,Carbapenems,0.794,34,27,Europe and Central Asia,C025,12,17.1,5.941352096,7726000,42.67061891,31.21230334,68.075,29.1,435.1,0.043,0.000128,1.503,61,58,53.63758214,24,96.14285714,5.57
2018,CRAB,Acinetobacter baumannii,Carbapenems,0.784,51,40,Europe and Central Asia,C025,13.1,17.9,6.165637053,7775000,40.1193941,30.97006123,68.142,30,813.5,0.0691,0.00106,2.36,84.5,58,53.63758214,21.2,95.85714286,5.49
2019,CRAB,Acinetobacter baumannii,Carbapenems,0.848,46,39,Europe and Central Asia,C025,12.5,17.3,6.390328075,8342000,39.87717078,30.75549199,68.222,30.8,886.1,0.1,0.00791,2.462,84.7,56,53.63758214,21.2,98.14285714,5.49
2020,CRAB,Acinetobacter baumannii,Carbapenems,0.827,52,43,Europe and Central Asia,C025,12.6,17.5,7.060352164,3204000,36.39155526,30.53911297,68.315,28.8,828.3,0.0899,0.00684,3.55,83.4,57,53.63758214,21.2,98.28571429,5.49
2021,CRAB,Acinetobacter baumannii,Carbapenems,0.793,82,65,Europe and Central Asia,C025,12.6,17.6,8.698283235,14359885.36,23.64295612,30.29051448,68.42101581,28.2,644.6,0.0711,0.00218,1.987,71,59,53.63758214,21.2,95.07006803,5.410163575
2022,CRAB,Acinetobacter baumannii,Carbapenems,0.712,73,52,Europe and Central Asia,C025,12.3,17.1,11.74904829,50572656.07,3.921020324,29.98021388,68.54004743,31.3,678.2,0.0663,0.00266,1.953,73.5,59,53.63758214,21.2,95.07210884,5.170490726
2007,CRAB,Acinetobacter baumannii,Carbapenems,0.3,40,12,Latin America and the Caribbean,C031,14.2,21.5,5.766445003,93582000,56.18167821,55.71283881,76.92,18.6,763.4,0.00446,0.00501,0.503,61.4,35,90.65382877,8.5,96,1.06
2008,CRAB,Acinetobacter baumannii,Carbapenems,0.6,62,37,Latin America and the Caribbean,C031,14,21.5,5.698869862,92948000,54.08642023,56.42351346,77.222,18,776.1,0.0163,0.0031,0.558,59.5,36,90.65382877,8.7,96.28571429,1.03
2009,CRAB,Acinetobacter baumannii,Carbapenems,0.78,51,40,Latin America and the Caribbean,C031,14.5,21.9,6.129784253,88044000,53.33153018,57.12566064,77.52,17.8,669.5,0.00383,0.00471,1.053,59.2,33,90.65382877,8.4,95.28571429,1.02
2010,CRAB,Acinetobacter baumannii,Carbapenems,0.94,63,59,Latin America and the Caribbean,C031,13.7,21.2,5.736888772,81953000,49.78125412,57.88852645,77.815,16.6,805.3,0.0136,0.00871,0.306,60.1,31,90.65383324,8.7,94.57142857,1.05
2011,CRAB,Acinetobacter baumannii,Carbapenems,0.85,73,62,Latin America and the Caribbean,C031,14.2,22,5.518836074,75732000,47.19611711,58.72089354,78.111,18.7,682.7,0.00442,0.0132,1.026,55.2,30,90.65382861,8.3,97.57142857,1.04
2012,CRAB,Acinetobacter baumannii,Carbapenems,0.88,99,87,Latin America and the Caribbean,C031,14.6,22.1,5.665220974,76749000,46.91787908,59.54675223,78.405,17.6,697.2,0.00456,0.00434,0.948,59,34,90.65383302,8,98,1.03
2013,CRAB,Acinetobacter baumannii,Carbapenems,0.88,90,79,Latin America and the Caribbean,C031,14.2,21.6,5.809236261,78100000,46.24883804,60.33626688,78.699,18.3,906.7,0.0183,0.00779,0.798,67,34,90.65382872,8,83.85714286,1.03
2014,CRAB,Acinetobacter baumannii,Carbapenems,0.97,34,33,Latin America and the Caribbean,C031,14.4,21.8,5.553409686,81042000,47.91829998,61.08999048,78.993,16.7,845.3,0.00787,0.0101,0.911,64.8,35,91.0190514,7.4,90.42857143,1.03
2013,CRAB,Acinetobacter baumannii,Carbapenems,0.55,1361,749,East Asia and Pacific,C029,22.7,26.7,3.562673399,25715000,46.09438937,91.72061178,72.93,19.2,3047.1,0.0102,0.00379,1.121,233.8,50,53.63758214,10.3,97.14285714,1.9
2014,CRAB,Acinetobacter baumannii,Carbapenems,0.52,1637,851,East Asia and Pacific,C029,22.5,26.6,3.763075545,27437000,45.26470601,93.15616801,73.577,20.3,2764.1,0.00714,0.00229,1.199,215.8,52,53.63758214,10.4,97,1.9
2015,CRAB,Acinetobacter baumannii,Carbapenems,0.55,1941,1068,East Asia and Pacific,C029,22.8,26.8,3.822014265,25721000,46.79576746,94.56348501,74.213,24.8,2593.4,0.0133,0.00323,1.372,212.1,50,53.63758214,10.5,98.14285714,1.86
2017,CRAB,Acinetobacter baumannii,Carbapenems,0.49,2144,1051,East Asia and Pacific,C029,22.6,26.7,3.714723496,25948000,48.25491886,97.32401765,75.447,14.4,3275.2,0.00717,0.00231,1.419,239.3,47,53.63758214,10.1,97.85714286,1.88
2018,CRAB,Acinetobacter baumannii,Carbapenems,0.5,2089,1044,East Asia and Pacific,C029,22.5,26.7,3.759328888,25832000,48.74312453,98.61290823,76.036,16.1,3189.8,0.0156,0.00679,1.443,235.5,47,53.63758214,9.9,97,1.88
2019,CRAB,Acinetobacter baumannii,Carbapenems,0.47,1752,823,East Asia and Pacific,C029,22.8,27,3.839366046,26101000,47.66547094,99.84483336,76.607,20.9,2543.8,0.0168,0.00613,1.7,212.1,53,53.63758214,9.785910888,96.28571429,1.88
2020,CRAB,Acinetobacter baumannii,Carbapenems,0.51,1641,837,East Asia and Pacific,C029,22.6,26.9,4.116007043,4333000,47.23479566,101.0500472,77.16,13.7,2990.2,0.0226,0.0111,1.688,229.4,51,53.63758214,9.671821777,95.85714286,1.88
2012,CRAB,Acinetobacter baumannii,Carbapenems,0.058,86,5,Europe and Central Asia,C032,6.3,10.1,10.554492,11680000,31.52028599,496.8849941,88.588,12.9,843.9,0.169,0.55,0.125,201.3,84,53.63758214,10.9,84.27230923,3.75
2013,CRAB,Acinetobacter baumannii,Carbapenems,0.011,95,1,Europe and Central Asia,C032,6,9.6,10.59931472,12783000,30.96808343,498.7958445,89.187,13.5,719,0.181,0.525,0.999,181,83,53.63758214,10.5,88.55802351,3.61
2014,CRAB,Acinetobacter baumannii,Carbapenems,2.22E-18,92,0,Europe and Central Asia,C032,7.7,11.5,10.58946549,13925000,32.1529226,500.5938854,89.69,13.3,757.9,0.173,0.542,0.544,180.9,83,53.63758214,10.3,94.41516637,3.61
2015,CRAB,Acinetobacter baumannii,Carbapenems,0.043,94,4,Europe and Central Asia,C032,6.9,10.8,10.34788194,15007000,33.92105114,503.1162162,90.173,12,827.3,0.166,0.545,0.568,198.4,87,53.63758214,10.4,93.8437378,3.49
2016,CRAB,Acinetobacter baumannii,Carbapenems,2.22E-18,132,0,Europe and Central Asia,C032,6.8,10.6,10.32529082,15828000,34.4976549,505.8008316,90.635,11.7,773.8,0.189,0.573,1.214,183.1,83,53.63758214,10.1,93.27230923,3.41
2017,CRAB,Acinetobacter baumannii,Carbapenems,0.008,130,1,Europe and Central Asia,C032,7.1,10.8,10.13776231,17924000,35.66086794,508.8,91.077,11.5,868.3,0.162,0.597,0.627,193.5,82,53.63758214,9.8,92.41516637,3.28
2018,CRAB,Acinetobacter baumannii,Carbapenems,0.047,148,7,Europe and Central Asia,C032,7.1,11.3,10.04941058,18780000,34.24496796,511.7797446,91.49,12.1,615.5,0.189,0.563,1.173,153.4,82,53.63758214,9.7,91.8437378,3.17
2019,CRAB,Acinetobacter baumannii,Carbapenems,0.008,124,1,Europe and Central Asia,C032,7.2,11.2,9.973660595,20129000,34.07764988,515.1432729,91.876,10.5,811.8,0.191,0.569,1.118,197,82,53.63758214,9.722038959,92.55802351,3.17
2020,CRAB,Acinetobacter baumannii,Carbapenems,0.007,148,1,Europe and Central Asia,C032,7.5,11.6,11.0539154,7265000,31.17578397,518.013068,92.236,9,781.6,0.154,0.477,0.912,178.9,82,53.63758214,9.741491255,92.55802351,3.17
2021,CRAB,Acinetobacter baumannii,Carbapenems,0.005,185,1,Europe and Central Asia,C032,6.6,10.3,14.51231946,35531764.4,20.9840132,519.4246369,92.57070912,10,857.3,0.198,0.574,0.982,178.1,82,53.63758214,9.758660479,91.23979345,3.049461989
2022,CRAB,Acinetobacter baumannii,Carbapenems,0.01,198,2,Europe and Central Asia,C032,7.4,11.6,21.49227581,122967293.2,0.480792151,518.5004627,92.88112736,9.7,694.6,0.202,0.619,1.319,153,80,53.63758214,9.77381459,91.1515732,2.698385966
2013,CRAB,Acinetobacter baumannii,Carbapenems,2.22E-18,36,0,Europe and Central Asia,C035,21.6,27.5,8.924116053,4778000,14.97706439,13.91208868,80.286,45.7,79.1,0.00105,0,0.473,9.1,86,53.63758214,17.3,91.85031784,3.86
2014,CRAB,Acinetobacter baumannii,Carbapenems,0.029,34,1,Europe and Central Asia,C035,21.7,27.7,9.336158284,4855000,14.71106311,14.07044491,80.692,39.7,82.4,0.000503,0,0.485,14.3,86,53.63758214,18,91.70746069,3.84
2015,CRAB,Acinetobacter baumannii,Carbapenems,0.094,32,3,Europe and Central Asia,C035,22.1,28.1,10.11302445,5361000,14.48540166,14.20793848,81.091,45.2,28,0.000951,0,1.213,7.8,87,53.63758214,17.1,92.42174641,3.76
2016,CRAB,Acinetobacter baumannii,Carbapenems,2.22E-18,33,0,Europe and Central Asia,C035,22,28,10.57859196,5960000,14.62055136,14.33542438,81.485,43.7,41.7,0.00106,0,0.933,10.5,85,53.63758214,19.5,92.99317498,3.68
2017,CRAB,Acinetobacter baumannii,Carbapenems,2.22E-18,31,0,Europe and Central Asia,C035,22.1,28.1,10.26612113,6252000,14.87933449,14.45257626,81.871,44.2,47,0.000414,0,1.421,10.7,85,53.63758214,19,92.99317498,3.6
2018,CRAB,Acinetobacter baumannii,Carbapenems,2.22E-18,32,0,Europe and Central Asia,C035,22,28,9.991030922,5688000,14.29650153,14.54888964,82.248,49.1,39.7,0.00787,0,1.121,8.6,84,53.63758214,18.7,93.27888926,3.53
2020,CRAB,Acinetobacter baumannii,Carbapenems,2.22E-18,31,0,Europe and Central Asia,C035,21.9,27.9,11.00619987,1397000,14.28274531,14.76721523,82.974,41,67.1,0.0183,4.63E-05,0.496,11.4,84,53.63758214,18.71369612,95.70088066,3.53
2021,CRAB,Acinetobacter baumannii,Carbapenems,2.22E-18,42,0,Europe and Central Asia,C035,22.1,28.1,13.11656365,13618322.05,13.59002083,14.92295896,83.32094465,44.2,33.9,0.00111,1.10E-06,1.329,10.4,85,53.63758214,18.71369612,94.57987794,3.45204934
2022,CRAB,Acinetobacter baumannii,Carbapenems,0.029,34,1,Europe and Central Asia,C035,22,28,16.83725445,44594966.15,11.64877731,15.13254409,83.65583394,50.3,56.3,0.00118,4.40E-06,1.055,11.4,84,53.63758214,18.71369612,94.81199758,3.226148019
2016,CRAB,Acinetobacter baumannii,Carbapenems,0.41,593,243,East Asia and Pacific,C037,5.2,9.2,3.954843449,5967000,60.47021469,351.7297716,46.475,21,723.2,0.0105,0.0442,2.056,181.3,35,81.64944009,22.1,80.71428571,0.99
2017,CRAB,Acinetobacter baumannii,Carbapenems,0.43,880,378,East Asia and Pacific,C037,5.1,9,3.960427632,6621000,60.36769763,357.9786732,46.682,21.6,500.2,0.0161,0.123,1.475,132.1,34,81.66342533,22.5,77.85714286,0.99
2018,CRAB,Acinetobacter baumannii,Carbapenems,0.38,896,340,East Asia and Pacific,C037,5.5,9.9,3.95370015,7168000,60.83168586,364.1172351,46.907,22.1,531.4,0.00682,0.129,2.434,148.7,36,81.6786275,22.5,75,0.99
2019,CRAB,Acinetobacter baumannii,Carbapenems,0.33,1180,389,East Asia and Pacific,C037,5.8,10.2,4.165975805,8261000,58.98988438,370.1941979,47.149,18.2,612.9,0.00797,0.0387,2.652,153.5,34,81.69497827,22.99873828,72.14285714,0.99
2020,CRAB,Acinetobacter baumannii,Carbapenems,0.38,854,325,East Asia and Pacific,C037,5.8,10.1,5.104024723,1483000,54.62529714,376.2651407,47.408,16.5,636.2,0.0124,0.05,2.677,162.4,34,81.71247607,22.51302373,69.85714286,0.99
2012,CRAB,Acinetobacter baumannii,Carbapenems,0.382,212,81,Europe and Central Asia,C038,10.8,16,6.265138558,67390000,30.17161181,124.3000588,60.654,9,970.6,0.0557,0.0234,0.797,127.4,58,53.63758214,19,96.71428571,6.63
2013,CRAB,Acinetobacter baumannii,Carbapenems,0.497,189,94,Europe and Central Asia,C038,10.7,15.9,6.476370694,72310000,29.56565059,124.2291107,60.529,9.4,998.4,0.139,0.138,0.941,137.1,60,53.63758214,18.8,96.14285714,6.61
2014,CRAB,Acinetobacter baumannii,Carbapenems,0.534,189,101,Europe and Central Asia,C038,11.2,16.4,6.4257608,73750000,30.02626017,124.1442732,60.403,8.4,584.8,0.145,0.171,1.349,100.9,61,53.63758214,18.7,95.71428571,6.63
2015,CRAB,Acinetobacter baumannii,Carbapenems,0.656,244,160,Europe and Central Asia,C038,10.9,16.5,6.400926556,77743000,30.6285109,124.0615696,60.278,10.4,982.4,0.0471,0.0543,1.405,128.3,62,53.63758214,19.5,95.42857143,6.63
2016,CRAB,Acinetobacter baumannii,Carbapenems,0.66,391,258,Europe and Central Asia,C038,11.1,16.4,6.571492672,80476000,31.17085749,124.008253,60.178,9.2,596.2,0.126,0.12,1.682,103.1,62,53.63758214,19.3,95,6.64
2017,CRAB,Acinetobacter baumannii,Carbapenems,0.674,344,232,Europe and Central Asia,C038,11.2,16.8,6.583750673,83804000,31.14675984,124.0237304,60.105,10.2,999.9,0.0442,0.0253,2.109,129.6,60,53.63758214,18.6,93.42857143,6.62
2018,CRAB,Acinetobacter baumannii,Carbapenems,0.673,278,187,Europe and Central Asia,C038,10.8,16,6.312587839,85946000,28.85525444,124.0315838,60.058,10,691.9,0.103,0.0611,0.906,102.9,60,53.63758214,19.4,92.14285714,6.54
2019,CRAB,Acinetobacter baumannii,Carbapenems,0.71,317,225,Europe and Central Asia,C038,10.9,16.3,6.228440132,88515000,28.55985489,124.0255954,60.037,8.6,821.8,0.0972,0.0488,1.291,119.4,58,53.63758214,19.4,92.14285714,6.54
2020,CRAB,Acinetobacter baumannii,Carbapenems,0.782,372,291,Europe and Central Asia,C038,11.4,16.7,6.327533842,88515000,28.04498829,123.8005749,60.043,9.1,791.6,0.0625,0.0655,1.99,111.9,56,53.63758214,19.4,89.57142857,6.54
2021,CRAB,Acinetobacter baumannii,Carbapenems,0.827,826,683,Europe and Central Asia,C038,11.2,16.3,6.571600328,82613278.94,24.63383609,123.1385182,60.07705879,9.2,834.4,0.0775,0.079,1.251,109.3,56,53.63758214,19.4,93.52467964,6.445116454
2022,CRAB,Acinetobacter baumannii,Carbapenems,0.764,466,356,Europe and Central Asia,C038,11.8,17.1,6.956865881,67813836.81,16.1108254,121.834235,60.14017637,9.6,81.3,0.0983,0.0317,2.318,17.8,55,53.63758214,19.4,93.44543544,6.175349361
2012,CRAB,Acinetobacter baumannii,Carbapenems,0.792,168,133,Europe and Central Asia,C039,23.6,28.2,9.628700044,7503000,38.66403648,114.8034065,61.763,99.3,38.2,0,0,1.376,12.8,63,53.63758214,17.8,97.71428571,3.41
2013,CRAB,Acinetobacter baumannii,Carbapenems,0.69,229,158,Europe and Central Asia,C039,23.4,28,9.377968276,9177000,37.65426752,114.1561287,62.352,91.6,82.9,0.00113,0,1.212,16.8,62,53.63758214,18.8,97.85714286,3.39
2014,CRAB,Acinetobacter baumannii,Carbapenems,0.531,262,139,Europe and Central Asia,C039,23.1,28.2,9.319370678,10497000,38.19905696,113.5417704,62.936,85.4,50.9,0,0,1.541,13,63,53.63758214,20.6,97.85714286,3.32
2015,CRAB,Acinetobacter baumannii,Carbapenems,0.577,307,177,Europe and Central Asia,C039,23.5,28.5,9.301419979,11723000,38.26995233,113.0725196,63.514,101.2,23.7,0,0,1.971,10.9,63,53.63758214,18.6,88.14285714,3.37
2016,CRAB,Acinetobacter baumannii,Carbapenems,0.519,206,107,Europe and Central Asia,C039,23.6,28.7,9.379971112,13359000,38.33537235,112.7163842,64.086,94.8,148.3,4.36E-05,0,1.515,23.3,62,53.63758214,19.7,96.41516637,3.39
2017,CRAB,Acinetobacter baumannii,Carbapenems,0.407,172,70,Europe and Central Asia,C039,23.5,28.5,9.297467493,15432000,38.76765823,112.4418158,64.652,97.3,55.9,0.000435,0,1.893,12.3,63,53.63758214,18.3,96.41516637,3.39
2018,CRAB,Acinetobacter baumannii,Carbapenems,0.307,127,39,Europe and Central Asia,C039,23.9,28.9,9.40605818,16186000,38.77129025,112.261936,65.211,100.9,168.2,0,0,2.004,27.7,64,53.63758214,19.5,97.12945208,3.45
2019,CRAB,Acinetobacter baumannii,Carbapenems,0.311,90,28,Europe and Central Asia,C039,23.6,28.6,9.23494403,17283000,39.14946543,112.2885828,65.764,94.7,55.8,0.000478,0,1.84,18.3,62,53.63758214,18.95167421,97.12945208,3.45
2020,CRAB,Acinetobacter baumannii,Carbapenems,0.154,104,16,Europe and Central Asia,C039,23.5,28.5,10.31549965,4208000,35.4768493,112.406676,66.31,93,21.3,0,0,1.734,6.9,61,53.63758214,19.20222519,97.12945208,3.45
2021,CRAB,Acinetobacter baumannii,Carbapenems,0.104,67,7,Europe and Central Asia,C039,24.3,29.4,14.30789747,38528772.13,23.00471571,112.4869372,66.84785299,102.1,62.2,0,0,2.165,10.2,62,53.63758214,19.08773888,100.2013932,3.523234415
2022,CRAB,Acinetobacter baumannii,Carbapenems,0.311,122,38,Europe and Central Asia,C039,24,29.1,22.74351211,125442316.4,2.692269796,112.4142861,67.37655896,106,703,0,0,1.855,136,62,53.63758214,19.14005204,100.7914204,3.729703244
2012,CRAB,Acinetobacter baumannii,Carbapenems,0.815,54,44,Europe and Central Asia,C040,-8.7,-3.8,4.500486848,7937000,23.13475529,87.20126511,53.974,14.8,504.6,0.0435,0.126,2.089,153.2,44,53.63758214,12.8,93.42857143,6.6
2013,CRAB,Acinetobacter baumannii,Carbapenems,0.854,137,117,Europe and Central Asia,C040,-8.3,-3.5,5.214829724,8019000,20.83375155,86.87429031,53.937,14.1,473.7,0.0372,0.125,1.364,149.9,43,53.63758214,13.2,92.14285714,6.67
2014,CRAB,Acinetobacter baumannii,Carbapenems,0.813,123,100,Europe and Central Asia,C040,-8.4,-3.6,5.018217527,8442000,21.07486136,86.53068063,53.9,14.6,486.9,0.0414,0.136,1.445,155.4,43,53.63758214,12.7,91.85714286,6.71
2015,CRAB,Acinetobacter baumannii,Carbapenems,0.815,189,154,Europe and Central Asia,C040,-7.6,-2.9,4.929251472,9331000,22.05705335,86.12489569,53.887,13,481.4,0.0409,0.127,2.015,147.4,46,53.63758214,12.5,88.71428571,6.79
2016,CRAB,Acinetobacter baumannii,Carbapenems,0.85,160,136,Europe and Central Asia,C040,-8,-3.2,5.065243745,10223000,21.81744729,85.63224531,53.9,13.5,501.7,0.0431,0.115,2.092,153.4,48,53.63758214,13.2,86.14285714,6.84
2017,CRAB,Acinetobacter baumannii,Carbapenems,0.874,182,159,Europe and Central Asia,C040,-7.6,-2.9,5.174200235,10926000,21.41360789,85.13871262,53.936,13.7,478,0.0402,0.124,1.411,148.9,48,53.63758214,13.2,85.14285714,6.89
2018,CRAB,Acinetobacter baumannii,Carbapenems,0.853,218,186,Europe and Central Asia,C040,-8.3,-3.4,5.501168545,11720000,20.30929252,84.63999478,53.998,12.7,489.4,0.0467,0.123,2.103,153.3,47,53.63758214,12.8,88.28571429,6.89
2019,CRAB,Acinetobacter baumannii,Carbapenems,0.883,264,233,Europe and Central Asia,C040,-7.7,-2.9,5.519852961,12815000,19.86166181,84.19527121,54.084,12.6,486,0.0382,0.128,2.405,151.7,44,53.63758214,13.21111111,88,6.89
2020,CRAB,Acinetobacter baumannii,Carbapenems,0.933,297,277,Europe and Central Asia,C040,-6.5,-1.7,6.036625356,5023000,19.76928986,83.73283206,54.194,12.5,486.9,0.0398,0.131,3.06,151.6,44,53.63758214,13.62222222,86.71428571,6.89
2021,CRAB,Acinetobacter baumannii,Carbapenems,0.935,386,361,Europe and Central Asia,C040,-8.6,-3.7,7.946981215,21373576.77,19.59843949,83.17211728,54.32821312,13,499.6,0.0364,0.122,1.339,153.6,45,53.63758214,14.03333333,86.2898479,6.88520023
2022,CRAB,Acinetobacter baumannii,Carbapenems,0.893,318,284,Europe and Central Asia,C040,-7.6,-2.9,12.05729241,75562730.3,19.04768479,82.44141703,54.48663937,11.8,106.3,0.0371,0.128,2.143,13,46,53.63758214,14.44444444,85.71360976,6.87560069
2014,CRAB,Acinetobacter baumannii,Carbapenems,0.62,53,33,Europe and Central Asia,C041,19.1,26.1,5.24694398,32421000,38.21345403,8.78187755,73.95,61.4,90.9,0.000717,3.33E-06,1.552,12.8,27,53.63758214,25.5,95.55045088,8.81
2015,CRAB,Acinetobacter baumannii,Carbapenems,0.61,61,37,Europe and Central Asia,C041,19.4,26.3,5.359654453,33729000,41.28147575,8.798804045,74.05,74.8,93.7,0.000955,2.21E-05,1.799,13.1,29,53.63758214,25.5,95.55045088,8.35
2016,CRAB,Acinetobacter baumannii,Carbapenems,0.75,77,58,Europe and Central Asia,C041,19.4,26.4,5.34676599,24571000,43.04995174,8.813796348,74.164,68.7,98.2,0.0016,6.43E-05,1.876,13.7,29,53.63758214,25,95.55045088,8.16
2018,CRAB,Acinetobacter baumannii,Carbapenems,0.9,81,73,Europe and Central Asia,C041,19.6,26.6,5.398527393,24551000,40.5434161,8.822067892,74.433,70.6,113.4,0.00113,3.78E-05,2.266,15.6,28,53.63758214,17.2,95.26473659,7.12
2019,CRAB,Acinetobacter baumannii,Carbapenems,0.81,174,141,Europe and Central Asia,C041,19.3,26.3,5.669081527,24419000,38.84808399,8.817695994,74.587,69.4,101.4,0.00112,3.75E-05,2.241,13.8,28,53.63758214,12.4,95.40759374,7.12
2020,CRAB,Acinetobacter baumannii,Carbapenems,0.92,253,233,Europe and Central Asia,C041,19.2,26.2,7.591179014,6359000,29.45269874,8.797354989,74.754,66.6,84.2,0.000799,5.69E-05,2.256,12.2,30,53.63758214,7.6,95.12187945,7.12
2013,CRAB,Acinetobacter baumannii,Carbapenems,0.93,392,365,Europe and Central Asia,C042,24.5,27.7,9.289783801,922000,39.46339803,81.91324034,55.469,25.3,2327.4,0.128,0.512,1.204,177.9,42,98.12992037,13.9,92.28571429,5.5
2014,CRAB,Acinetobacter baumannii,Carbapenems,0.93,343,319,Europe and Central Asia,C042,24.2,27.7,9.225028792,1029000,41.18288241,81.5295678,55.583,20,2178,0.116,0.335,1.249,174.3,41,98.1301201,12.9,92.42857143,5.52
2015,CRAB,Acinetobacter baumannii,Carbapenems,0.95,457,434,Europe and Central Asia,C042,24.4,27.9,8.7896683,1132000,41.90865492,81.12717814,55.696,26.4,2660.2,0.0983,0.305,1.867,197.5,40,98.1301201,12.2,92.71428571,5.58
2016,CRAB,Acinetobacter baumannii,Carbapenems,0.97,417,404,Europe and Central Asia,C042,24.8,28.1,8.437379178,1281000,41.98694932,80.70343014,55.81,15.3,2753.5,0.125,0.367,1.533,202.5,42,98.1301201,12.8,91.14285714,5.59
2017,CRAB,Acinetobacter baumannii,Carbapenems,0.96,429,412,Europe and Central Asia,C042,24.3,27.7,8.197713412,1497000,42.32911812,80.27507432,55.942,14.5,2696.4,0.125,0.516,1.78,196.8,41,98.1301201,13.8,93.14285714,5.61
2018,CRAB,Acinetobacter baumannii,Carbapenems,0.96,516,495,Europe and Central Asia,C042,23.9,27.7,8.50866824,1711000,39.9474384,79.8376858,56.092,15.9,2039.7,0.123,0.463,1.887,169.7,39,98.1301201,14.4,94.14285714,5.61
2019,CRAB,Acinetobacter baumannii,Carbapenems,0.96,532,511,Europe and Central Asia,C042,24.3,28.1,8.383069502,1847000,40.03090833,79.41041619,56.26,19,2620.1,0.0965,0.298,1.69,197,39,98.1301201,14.4,94.42857143,5.61
2013,CRAB,Acinetobacter baumannii,Carbapenems,0.458,142,65,Europe and Central Asia,C043,5.4,9.9,7.498723605,12583000,26.68671373,112.5726377,54.14,17.1,1527.7,0.185,0.427,1.15,181.2,47,53.63758214,13.6,96.98659494,5.8
2014,CRAB,Acinetobacter baumannii,Carbapenems,0.329,161,53,Europe and Central Asia,C043,6.1,10.7,6.887547896,11556000,20.66737013,112.7006864,54,15.3,1226,0.27,0.607,1.331,141.9,50,53.63758214,14.3,96.12945208,5.79
2015,CRAB,Acinetobacter baumannii,Carbapenems,0.282,142,40,Europe and Central Asia,C043,5.8,10.6,6.765210376,14936000,21.25972478,112.8031488,53.889,17.8,1475.9,0.122,0.262,1.537,172.6,51,53.63758214,15.1,95.27230923,5.75
2016,CRAB,Acinetobacter baumannii,Carbapenems,0.284,109,31,Europe and Central Asia,C043,5.6,10.2,7.097537856,17376000,20.03470415,112.9533694,53.806,16.4,1321.8,0.211,0.414,2.038,154.4,51,53.63758214,14.5,95.12945208,5.78
2017,CRAB,Acinetobacter baumannii,Carbapenems,0.317,120,38,Europe and Central Asia,C043,5.4,10.2,6.761783245,15406000,20.9557599,113.1287854,53.751,16.7,1229.2,0.193,0.28,1.587,159.5,50,53.63758214,14.4,95.27230923,5.82
2018,CRAB,Acinetobacter baumannii,Carbapenems,0.44,141,62,Europe and Central Asia,C043,6.2,11,6.670869572,15299000,20.78584313,113.2855865,53.726,16.8,1358.1,0.166,0.417,1.37,168.8,50,53.63758214,14.6,95.27230923,5.7
2019,CRAB,Acinetobacter baumannii,Carbapenems,0.552,96,53,Europe and Central Asia,C043,6.2,11.1,6.643492839,15299000,21.18315874,113.4389975,53.729,13.6,1406.5,0.202,0.309,1.878,162.1,50,53.63758214,14.6,95.98659494,5.7
2020,CRAB,Acinetobacter baumannii,Carbapenems,0.308,91,28,Europe and Central Asia,C043,5.8,10.6,6.889412255,15299000,19.72865018,113.5363353,53.76,13.7,1117.1,0.15,0.232,1.585,142.9,49,53.63758214,14.6,95.98659494,5.7
2021,CRAB,Acinetobacter baumannii,Carbapenems,0.612,134,82,Europe and Central Asia,C043,5.2,10,7.666187776,15441084.34,13.64911039,113.5202377,53.81917378,13.2,993.9,0.151,0.316,1.3,153,52,53.63758214,14.6,96.32915295,5.550345076
2022,CRAB,Acinetobacter baumannii,Carbapenems,0.613,150,92,Europe and Central Asia,C043,6.1,11,9.183578611,15618253.02,0.525482825,113.3380216,53.90652133,14.1,460.1,0.12,0.149,1.311,65.9,53,53.63758214,14.6,96.27296011,5.131035227
2014,CRAB,Acinetobacter baumannii,Carbapenems,0.265,34,9,Europe and Central Asia,C044,11.2,18.6,8.505668813,2675000,29.47567285,102.3823237,53.557,24.9,392.4,0.0219,0.00473,2.379,62.3,58,53.63758214,16.4,92.70746069,4.54
2015,CRAB,Acinetobacter baumannii,Carbapenems,0.387,31,12,Europe and Central Asia,C044,11.5,19.1,8.500937538,3022000,28.64554766,102.4461092,53.781,27.5,442.4,0.0101,0.00256,2.122,67,60,53.63758214,17.3,92.99317498,4.51
2016,CRAB,Acinetobacter baumannii,Carbapenems,0.433,60,26,Europe and Central Asia,C044,11.6,19.2,8.466537608,3397000,27.71225394,102.5241783,54.02,25.2,445.1,0.0127,0.00164,1.959,66.1,61,53.63758214,17.1,91.85031784,4.49
2017,CRAB,Acinetobacter baumannii,Carbapenems,0.417,36,15,Europe and Central Asia,C044,11.1,18.7,8.186755507,3991000,28.20182239,102.6108719,54.273,27.9,402,0.0162,0.0026,1.276,62.5,61,53.63758214,17.3,92.13603212,4.5
2018,CRAB,Acinetobacter baumannii,Carbapenems,0.179,39,7,Europe and Central Asia,C044,11.3,18.8,8.305010482,4425000,27.59111648,102.9922926,54.541,27.3,397.9,0.0127,0.00244,2.549,57.9,60,53.63758214,17.9,91.70746069,4.43
2019,CRAB,Acinetobacter baumannii,Carbapenems,0.225,40,9,Europe and Central Asia,C044,11.8,19.5,8.265613984,4702000,27.62962728,103.7119346,54.822,27.8,476.2,0.0159,0.00247,2.42,68.4,60,53.63758214,18.35,92.70746069,4.43
2020,CRAB,Acinetobacter baumannii,Carbapenems,0.194,36,7,Europe and Central Asia,C044,11.3,18.7,9.217121939,1216000,27.20190718,104.4088814,55.118,27.3,538.2,0.0194,0.00287,2.027,68.6,60,53.63758214,18.8,92.27888926,4.43
2021,CRAB,Acinetobacter baumannii,Carbapenems,0.669,124,83,Europe and Central Asia,C044,10.8,18.3,12.42596234,9851920.061,24.9480436,104.7042496,55.4313043,26.6,523.8,0.0273,0.00534,1.287,76,57,53.63758214,19.25,92.31383375,4.343070995
2022,CRAB,Acinetobacter baumannii,Carbapenems,0.433,60,26,Europe and Central Asia,C044,11.2,18.6,19.04069111,32107760.18,19.75258892,104.2371228,55.76391291,27,1803.8,0.0304,0.0101,2.018,122.1,56,53.63758214,19.7,92.22899424,4.099212986
2013,CRAB,Acinetobacter baumannii,Carbapenems,0.056,72,4,Europe and Central Asia,C048,-1,3.5,10.95568049,10980000,15.97998364,23.5684835,85.936,6.3,615.4,0.0146,0.266,1.147,166.9,89,53.63758214,11.8,78.28571429,2.59
2014,CRAB,Acinetobacter baumannii,Carbapenems,0.038,52,2,Europe and Central Asia,C048,0.3,4.3,11.0061177,10522000,15.97174244,23.80349865,86.247,7.8,673.5,0.0136,0.247,0.952,184.8,87,53.63758214,11.9,78.71428571,2.54
2015,CRAB,Acinetobacter baumannii,Carbapenems,0.029,34,1,Europe and Central Asia,C048,0,4.1,10.86163363,6482000,16.03900858,24.05826177,86.553,6.1,614.9,0.0158,0.316,1.502,171.3,89,53.63758214,11.7,80.57142857,2.44
2016,CRAB,Acinetobacter baumannii,Carbapenems,0.012,84,1,Europe and Central Asia,C048,-0.4,3.6,10.93179785,6782000,15.73767002,24.36244975,86.852,6,665.1,0.0118,0.27,1.172,178.8,88,53.63758214,11.6,82.71428571,2.34
2017,CRAB,Acinetobacter baumannii,Carbapenems,2.22E-18,54,0,Europe and Central Asia,C048,-0.7,3.3,10.85258754,7054000,15.29326151,24.69294198,87.146,5.6,528.9,0.0151,0.257,1.21,155.7,84,53.63758214,11.3,83.42857143,2.21
2018,CRAB,Acinetobacter baumannii,Carbapenems,0.037,54,2,Europe and Central Asia,C048,-0.7,3.7,11.00049362,7440000,15.2153831,24.98145887,87.431,6.7,669,0.0115,0.248,1.227,179.1,85,53.63758214,10.8,85.71428571,2.14
2019,CRAB,Acinetobacter baumannii,Carbapenems,0.036,112,4,Europe and Central Asia,C048,-0.6,3.6,10.53541722,7616000,14.87585628,25.23766548,87.708,6,654.5,0.0149,0.272,0.881,177.9,85,53.63758214,10.58888889,86.42857143,2.14
2020,CRAB,Acinetobacter baumannii,Carbapenems,0.071,126,9,Europe and Central Asia,C048,0.6,4.7,11.30486977,1957000,14.09078067,25.42072337,87.977,5.4,596.6,0.0168,0.305,0.458,161,85,53.63758214,10.37777778,86.14285714,2.14
2021,CRAB,Acinetobacter baumannii,Carbapenems,0.007,138,1,Europe and Central Asia,C048,-1,3.2,15.33092237,15419263.68,12.71895053,25.48564076,88.23784054,5.8,593.4,0.0124,0.276,1.241,165.9,85,53.63758214,10.16666667,82.55269843,2.067304814
2022,CRAB,Acinetobacter baumannii,Carbapenems,0.027,149,4,Europe and Central Asia,C048,-0.2,4,24.46108645,50137791.04,10.57646547,25.39157921,88.49052161,5.7,1502.8,0.0179,0.286,0.773,205.4,83,53.63758214,9.955555556,82.50677388,1.851914441
2008,CRAB,Acinetobacter baumannii,Carbapenems,0.52,414,215,East Asia and Pacific,C051,21.6,26.4,3.456041318,14584000,24.50151188,131.7861751,41.242,27.1,1685.3,0.231,0.324,0.496,137.8,35,84.7016749,15,95.83616516,2.1
2009,CRAB,Acinetobacter baumannii,Carbapenems,0.63,608,383,East Asia and Pacific,C051,21.8,26.8,3.62030813,14150000,26.79975135,132.7363111,42.543,25.7,2026.2,0.203,0.286,0.605,151,34,84.7016749,15,95.83616516,2.1
2010,CRAB,Acinetobacter baumannii,Carbapenems,0.58,1149,666,East Asia and Pacific,C051,22.4,27.4,3.389728323,15936000,26.09715011,133.6305056,43.856,26.1,1624.1,0.211,0.288,1.405,137.3,35,84.7016749,14.7,95.83616516,2.1
2011,CRAB,Acinetobacter baumannii,Carbapenems,0.6,1224,734,East Asia and Pacific,C051,21.6,26.4,3.568256208,19230000,23.38223445,134.4963613,44.698,27.3,1825,0.27,0.49,0.36,142,34,84.73123732,15.3,95.83616516,2.1
2012,CRAB,Acinetobacter baumannii,Carbapenems,0.59,1272,750,East Asia and Pacific,C051,22.3,27.3,3.522939793,22354000,23.78911422,135.3657793,45.445,25.3,1527.7,0.19,0.266,1.023,127.7,37,84.7574649,14.8,95.83616516,2.1
2013,CRAB,Acinetobacter baumannii,Carbapenems,0.55,1147,631,East Asia and Pacific,C051,22,26.9,3.453133784,26547000,23.73593706,136.1909648,46.193,27.4,1503.6,0.208,0.293,1.234,130.8,35,84.78372318,14.9,96.55045088,2.1
2014,CRAB,Acinetobacter baumannii,Carbapenems,0.56,1004,562,East Asia and Pacific,C051,21.9,27,3.684479772,24810000,23.97712681,136.939347,46.943,25.8,1659.1,0.168,0.231,0.845,134,38,84.8100561,14.7,96.55045088,2.1
2015,CRAB,Acinetobacter baumannii,Carbapenems,0.55,1102,606,East Asia and Pacific,C051,22.3,27.4,3.85228623,29923000,28.36870969,137.5920394,47.694,23.5,2029,0.164,0.211,1.392,153.8,38,84.83642681,13.7,96.69330802,2.1
2017,CRAB,Acinetobacter baumannii,Carbapenems,0.46,164,75,East Asia and Pacific,C051,22.2,27,3.852767715,35592000,27.87629489,138.7739083,49.2,22.7,1366.5,0.254,0.383,1.202,122.5,37,84.88930104,12.8,96.69330802,2.1
2018,CRAB,Acinetobacter baumannii,Carbapenems,0.5,361,180,East Asia and Pacific,C051,22.2,27,3.869051944,38178000,28.9859899,139.2233201,49.949,24.4,1600.9,0.22,0.348,0.954,129.7,36,84.91559496,12.4,94.26473659,2.1
2019,CRAB,Acinetobacter baumannii,Carbapenems,0.5,639,320,East Asia and Pacific,C051,22.4,27.6,3.861980212,39916000,27.72084895,139.5755701,50.692,23.6,1688.5,0.175,0.209,1.857,137.9,36,84.94168096,11.98221827,94.26473659,2.1
2020,CRAB,Acinetobacter baumannii,Carbapenems,0.54,783,423,East Asia and Pacific,C051,22.4,27.5,4.345780738,39916000,29.55669597,139.9042142,51.43,24.8,2118,0.185,0.206,1.596,157.2,36,84.9675933,11.56443654,88.28571429,2.1
2016,CRAB,Acinetobacter baumannii,Carbapenems,0.71,140,99,Middle East and North Africa,C052,15.3,20.8,6.258562857,5724000,44.45805881,75.21670314,68.346,19.3,328.9,0.00193,0.000438,1.896,48.6,41,85.27073666,37.6,97.14285714,2.18
2017,CRAB,Acinetobacter baumannii,Carbapenems,0.82,231,189,Middle East and North Africa,C052,15,20.4,6.186577058,7052000,45.38337909,76.0262809,68.642,16.6,360.1,0.00222,0.000245,1.377,52.4,42,84.9842421,38.1,96.85714286,2.18
2018,CRAB,Acinetobacter baumannii,Carbapenems,0.83,210,174,Middle East and North Africa,C052,15.1,20.5,5.94643465,8299000,46.95498749,76.80896627,68.945,19.1,287.8,0.00283,0.000257,1.507,43.4,43,84.69608731,38,96.42857143,2.18
2019,CRAB,Acinetobacter baumannii,Carbapenems,0.82,112,92,Middle East and North Africa,C052,15.1,20.5,5.45249886,9429000,48.05763003,77.55737642,69.254,17,181.1,0.00388,0.000508,1.34,33.5,43,84.40589989,38.12231147,96.85714286,2.18
2020,CRAB,Acinetobacter baumannii,Carbapenems,0.9,103,93,Middle East and North Africa,C052,15.2,20.6,6.425731865,2012000,40.77302001,78.28091529,69.568,17.1,160.2,0.0025,0.000202,2.015,32.9,44,84.11333932,37.92772506,96.28571429,2.18
2014,CRAB,Acinetobacter baumannii,Carbapenems,0.9,1401,1261,Europe and Central Asia,C053,6.9,12.5,4.325178561,41627000,22.39496837,101.49302,73.077,26.6,677.9,0.075,0.0274,1.323,115,45,53.63758214,39.2,94.42857143,2.68
2015,CRAB,Acinetobacter baumannii,Carbapenems,0.89,2381,2119,Europe and Central Asia,C053,6.2,11.8,4.11690405,41114000,21.86659228,103.486322,73.611,27.2,562.6,0.0832,0.0537,0.806,102.3,20.8,53.63758214,39.8,95.28571429,2.68
2016,CRAB,Acinetobacter baumannii,Carbapenems,0.93,2373,2207,Europe and Central Asia,C053,6.3,12.2,4.284692211,30907000,21.55793496,105.2705768,74.134,24.5,719.7,0.0712,0.0391,1.566,127,41,53.63758214,38.5,95.85714286,2.75
2017,CRAB,Acinetobacter baumannii,Carbapenems,0.92,2540,2337,Europe and Central Asia,C053,6,11.9,4.179749844,37970000,22.28979775,106.6614165,74.644,26,617.1,0.0659,0.0292,0.741,116.8,40,53.63758214,37.5,94.14285714,2.81
2018,CRAB,Acinetobacter baumannii,Carbapenems,0.92,2643,2432,Europe and Central Asia,C053,7.6,13.2,4.123638312,46113000,22.61772771,107.5962527,75.143,25.7,565.2,0.0841,0.0361,2.596,104,41,53.63758214,36.7,95.85714286,2.85
2019,CRAB,Acinetobacter baumannii,Carbapenems,0.91,2390,2175,Europe and Central Asia,C053,6.8,12.5,4.224615244,51747000,22.31467742,108.4698933,75.63,25.6,592.6,0.0832,0.0687,1.651,110.6,39,53.63758214,35.9,96.71428571,2.85
2007,CRAB,Acinetobacter baumannii,Carbapenems,0.45,691,311,East Asia and Pacific,C050,5.2,9.8,7.77902719,8347000,18.75071524,351.1687243,88.146,25.9,1705,1.39,0.549,1.804,235.8,57,53.63758214,15.7,91.65457869,13.87
2008,CRAB,Acinetobacter baumannii,Carbapenems,0.51,828,422,East Asia and Pacific,C050,6,10.5,8.088168935,8351000,18.82937873,351.3388203,89.103,24.6,1836.3,1.43,0.541,1.195,243.4,57,53.63758214,14.9,90.27131663,13.71
2009,CRAB,Acinetobacter baumannii,Carbapenems,0.59,898,530,East Asia and Pacific,C050,5.9,10.5,8.953884717,6790000,18.70581605,351.2949246,89.989,24.8,1791,1.1,0.376,1.371,223.2,56,53.63758214,15.3,92.69988806,13.62
2010,CRAB,Acinetobacter baumannii,Carbapenems,0.57,929,530,East Asia and Pacific,C050,5,9.2,9.060499955,8611000,18.07275369,351.3580247,90.812,26.2,1802.3,0.981,0.446,0.459,238,58,53.63758214,16.7,93.98560234,13.51
2011,CRAB,Acinetobacter baumannii,Carbapenems,0.64,967,619,East Asia and Pacific,C050,4.6,9.1,10.47352384,6219000,16.25937635,350.7078189,91.069,23.1,1750.4,0.995,0.425,1.667,224.6,61,53.63758214,20.6,94.00658004,13.4
2012,CRAB,Acinetobacter baumannii,Carbapenems,0.64,955,611,East Asia and Pacific,C050,5.5,9.8,10.65293733,8358000,16.06931222,350.1481481,91.148,21.6,1785.4,1.44,0.655,1.512,231.9,61,53.63758214,21.3,94.86372289,13.35
2013,CRAB,Acinetobacter baumannii,Carbapenems,0.65,770,500,East Asia and Pacific,C050,5.3,10,10.6548296,10364000,15.73908798,349.6433471,91.226,21.1,1841.6,1.18,0.488,0.782,248.5,61,53.63758214,19.4,94.43515146,13.3
2014,CRAB,Acinetobacter baumannii,Carbapenems,0.52,532,277,East Asia and Pacific,C050,5.4,10.2,10.71211885,13413000,15.88214105,349.1796982,91.304,24.2,1904.4,0.814,0.353,2.169,243.2,61,53.63758214,19.7,95.00658004,13.21
2015,CRAB,Acinetobacter baumannii,Carbapenems,0.57,577,329,East Asia and Pacific,C050,6.5,11.1,10.74041286,19737000,15.91701423,348.8093278,91.381,21.7,1563.7,1.02,0.387,1.972,218.2,62,53.63758214,22.5,92.86372289,13.17
2016,CRAB,Acinetobacter baumannii,Carbapenems,0.6,616,370,East Asia and Pacific,C050,6.6,11.2,10.66581016,24039000,15.96279055,348.6310014,91.457,20,1876.2,1.53,0.682,1.859,233.3,61,53.63758214,19.8,95.72086575,13.11
1999,CRAB,Acinetobacter baumannii,Carbapenems,0.06,452,27,North America,C055,2.6,9,12.44126184,84362782,58.55420127,30.48084346,78.87708964,12.9,735,0.0535,0.164,0.758,102.7,75,53.63758214,27.8,90.83625481,3.363196635
2000,CRAB,Acinetobacter baumannii,Carbapenems,0.09,681,61,North America,C055,2.8,9,12.47666674,78343000,55.6100775,30.79730133,79.057,12.9,729.8,0.0522,0.133,1,100.5,78,53.63758214,27.8,90.41516637,3.49
2001,CRAB,Acinetobacter baumannii,Carbapenems,0.14,887,124,North America,C055,3,9.2,13.14153758,70975000,54.66393591,31.10362839,79.234,12.6,762,0.0522,0.149,0.786,106.6,76,53.63758214,29.7,90.27230923,3.47
2002,CRAB,Acinetobacter baumannii,Carbapenems,0.2,955,191,North America,C055,3.1,9.3,13.95649086,64434000,54.78593244,31.39354993,79.409,12.2,806.2,0.0574,0.16,0.951,109.8,77,53.63758214,29.2,90.27230923,3.39
2003,CRAB,Acinetobacter baumannii,Carbapenems,0.18,998,180,North America,C055,3.1,9.2,14.45122768,62082000,55.01500359,31.66453462,79.583,11.9,759.8,0.0561,0.182,0.99,108.7,75,53.63758214,29.8,91.70088066,3.33
2004,CRAB,Acinetobacter baumannii,Carbapenems,0.18,1187,214,North America,C055,3.2,9.2,14.49009264,67606000,54.57042524,31.95894507,79.757,11.4,746.7,0.0547,0.146,0.863,105.4,75,53.63758214,27.4,91.8437378,3.26
2005,CRAB,Acinetobacter baumannii,Carbapenems,0.23,1143,263,North America,C055,3.4,9.5,14.50937229,71484000,54.52131579,32.2548766,79.928,12.3,722,0.0523,0.14,1.153,103.6,76,53.63758214,29.7,91.8437378,3.2
2006,CRAB,Acinetobacter baumannii,Carbapenems,0.21,890,187,North America,C055,3.3,9.6,14.63622744,183178000,53.69443478,32.56739985,80.099,11.1,764.7,0.0512,0.128,1.026,107.6,73,53.63758214,29.3,91.8437378,3.18
2007,CRAB,Acinetobacter baumannii,Carbapenems,0.35,860,301,North America,C055,3.2,9.4,14.84013277,175299000,53.65125226,32.87861136,80.269,11.5,780.3,0.0432,0.107,1.143,106.8,72,53.63758214,27.9,91.8437378,3.14
2008,CRAB,Acinetobacter baumannii,Carbapenems,0.39,757,295,North America,C055,2.4,8.6,15.12527011,175703000,52.48954057,33.24368685,80.438,10.5,765.9,0.054,0.117,0.212,106.9,73,53.63758214,27.8,91.98659494,3.13
2009,CRAB,Acinetobacter baumannii,Carbapenems,0.5,603,302,North America,C055,2.6,8.7,16.10738661,160508000,51.48030062,33.53639923,80.606,9.5,769.3,0.0573,0.117,0.398,107.4,75,53.63758214,28.7,90.27230923,3.08
2010,CRAB,Acinetobacter baumannii,Carbapenems,0.44,419,184,North America,C055,3.1,9.1,16.09899908,162275000,51.13159415,33.81578008,80.772,9.4,726.2,0.0502,0.121,0.695,102.5,71,53.63758214,28.6,91.55802351,3.05
2011,CRAB,Acinetobacter baumannii,Carbapenems,0.37,365,135,North America,C055,2.9,9.1,16.01974463,147271421.9,51.05164191,34.06244395,80.944,9.5,802.6,0.0586,0.128,0.537,108.8,71,53.63758214,29.2,92.41516637,2.97
2012,CRAB,Acinetobacter baumannii,Carbapenems,0.35,240,84,North America,C055,3.4,9.8,15.97576641,171629890.6,51.15852931,34.31324483,81.119,8.8,781,0.0474,0.13,1.448,107.9,73,53.63758214,25.1,91.70088066,2.93
2013,CRAB,Acinetobacter baumannii,Carbapenems,0.35,263,92,North America,C055,2.7,8.9,15.82098833,179309906.3,50.47715374,34.55181319,81.299,8.5,860.3,0.0532,0.115,0.614,112.4,73,53.63758214,24.7,91.98659494,2.89
2014,CRAB,Acinetobacter baumannii,Carbapenems,0.27,269,73,North America,C055,3,9.2,16.00899887,178311359.4,49.18666145,34.8061343,81.483,8.5,789.7,0.0516,0.137,0.501,108.4,74,53.63758214,25,92.41516637,2.83
2015,CRAB,Acinetobacter baumannii,Carbapenems,0.26,274,71,North America,C055,3.8,10,16.28466612,176864531.3,48.62708498,35.06332868,81.671,8.1,819.7,0.0564,0.131,1.531,111.1,76,53.63758214,25.2,92.55802351,2.8
2016,CRAB,Acinetobacter baumannii,Carbapenems,0.3,319,96,North America,C055,4.3,10.5,16.58075461,175261484.4,48.86335637,35.31834714,81.862,7.5,860.5,0.0518,0.145,2.224,114.3,74,53.63758214,25,92.98659494,2.77
2000,CRAB,Acinetobacter baumannii,Carbapenems,0.54,65,35,Latin America and the Caribbean,C056,20.3,25.3,7.349016717,602000,54.08254405,27.6942679,87.559,18.5,1790,0.385,0.651,0.298,153,27,53.63758214,10.3,62.38326206,0.800000012
2001,CRAB,Acinetobacter baumannii,Carbapenems,0.42,100,42,Latin America and the Caribbean,C056,20.7,25.8,7.859209855,792000,54.9824662,28.20724789,87.85,22.6,1934.3,0.343,0.533,0.626,155.7,28,53.63758214,10.4,74.09754777,0.800000012
2002,CRAB,Acinetobacter baumannii,Carbapenems,0.14,118,17,Latin America and the Caribbean,C056,20.8,25.8,7.720838527,590000,53.82577665,28.71824613,87.876,20.8,2000.9,0.387,0.644,0.864,160.9,25,53.63758214,10.5,74.5261192,0.800000012
2003,CRAB,Acinetobacter baumannii,Carbapenems,0.42,188,79,Latin America and the Caribbean,C056,21.2,26.1,7.500918666,435000,49.55294706,29.22966839,87.902,23.6,2105.2,0.416,0.675,0.912,167.2,24,53.63758214,10.8,76.81183349,0.9
2004,CRAB,Acinetobacter baumannii,Carbapenems,0.36,313,113,Latin America and the Caribbean,C056,20.9,25.8,6.781316164,618000,45.81498881,29.73405929,87.928,20.5,1989,0.425,0.721,0.676,158.1,23,53.63758214,11.5,81.5261192,0.9
2005,CRAB,Acinetobacter baumannii,Carbapenems,0.43,194,83,Latin America and the Caribbean,C056,21.1,25.9,6.054475915,846000,53.50846169,30.23500368,87.954,21.6,2042.6,0.384,0.557,0.933,161.5,23,53.63758214,12.2,85.24040492,0.9
2006,CRAB,Acinetobacter baumannii,Carbapenems,0.4,293,117,Latin America and the Caribbean,C056,21.2,25.8,8.089712008,883000,43.16394407,30.72624114,87.98,20.9,2010.7,0.417,0.644,0.674,159.3,23,53.63758214,13.1,76.38326206,0.9
2007,CRAB,Acinetobacter baumannii,Carbapenems,0.62,317,197,Latin America and the Caribbean,C056,21,25.8,7.772301031,898000,48.31311312,31.20582393,88.006,21.6,1572,0.419,0.622,0.76,140.5,20,53.63758214,13.9,72.24040492,1.3
2008,CRAB,Acinetobacter baumannii,Carbapenems,0.5,432,216,Latin America and the Caribbean,C056,20.9,25.7,6.404551191,702000,60.15275576,31.66921716,88.031,21.5,2275.8,0.434,0.672,0.518,170.3,19,53.63758214,14.6,70.95469063,1.3
2009,CRAB,Acinetobacter baumannii,Carbapenems,0.41,406,166,Latin America and the Caribbean,C056,21.2,26.1,7.550159673,567000,65.60511989,32.11597075,88.057,20.1,2102.8,0.316,0.468,0.816,171,19,53.63758214,15,73,1.1
2010,CRAB,Acinetobacter baumannii,Carbapenems,0.82,541,444,Latin America and the Caribbean,C056,21.4,26.2,6.829588113,535000,62.11984079,32.55486877,88.083,24.6,1821.9,0.525,0.749,1.227,156.7,20,53.63758214,16,72.85714286,1.1
2011,CRAB,Acinetobacter baumannii,Carbapenems,0.69,202,139,Latin America and the Caribbean,C056,21,25.8,7.177066439,625000,57.08923359,32.98697239,88.108,22.7,1855.4,0.474,0.736,0.601,159.5,19,53.63758214,17.6,74.14285714,0.93
2012,CRAB,Acinetobacter baumannii,Carbapenems,0.79,177,140,Latin America and the Caribbean,C056,20.8,25.7,6.772952486,1061000,55.72266745,33.41128734,88.123,21.6,1605.4,0.434,0.684,0.513,139.1,19,53.63758214,18.7,76,0.93
2014,CRAB,Acinetobacter baumannii,Carbapenems,0.92,64,59,Europe and Central Asia,C024,20.3,26.6,12.8689386,8281375.664,33.0913946,404.8811115,58.45216456,50.1,80.8,0.000735,0,1.5495,23.6,33,53.63758214,14.9,86.63210723,3.082014722
2015,CRAB,Acinetobacter baumannii,Carbapenems,0.9,30,27,Europe and Central Asia,C024,20.7,27.2,11.8956532,8281375.664,33.0913946,404.8811115,58.45216456,64.4,101,0.00038,0,1.7225,23.9,33,53.63758214,12.5,86.63210723,3.082014722
2016,CRAB,Acinetobacter baumannii,Carbapenems,0.95,41,39,Europe and Central Asia,C024,20.7,27.2,11.1223712,8281375.664,33.0913946,404.8811115,58.45216456,54.4,127.8,5.09E-05,0,1.586,29.7,36,53.63758214,16.7,86.63210723,3.082014722
2017,CRAB,Acinetobacter baumannii,Carbapenems,0.89,70,62,Europe and Central Asia,C024,20.4,27.1,10.66571805,8281375.664,33.0913946,404.8811115,58.45216456,57.9,97.6,7.61E-05,0,1.2755,21.8,39,53.63758214,13.7,86.63210723,3.082014722
2018,CRAB,Acinetobacter baumannii,Carbapenems,0.87,60,52,Europe and Central Asia,C024,21.3,27.6,10.10640846,8281375.664,33.0913946,404.8811115,58.45216456,63.7,155,0.00545,0.0002,2.2745,31.4,37,53.63758214,10.5,86.63210723,3.082014722
2019,CRAB,Acinetobacter baumannii,Carbapenems,0.93,45,42,Europe and Central Asia,C024,20.9,27.1,9.43419212,8281375.664,33.0913946,404.8811115,58.45216456,57.1,93.7,0.00071,0,1.955,27.6,36,53.63758214,10.5,86.63210723,3.082014722
2020,CRAB,Acinetobacter baumannii,Carbapenems,0.85,59,50,Europe and Central Asia,C024,20.9,27,9.844950811,8281375.664,33.0913946,404.8811115,58.45216456,56.4,130.2,0.00104,0,1.761,28.2,36,53.63758214,10.5,86.63210723,3.082014722
2011,CRAB,Acinetobacter baumannii,Carbapenems,0.58,463,269,Sub-Saharan Africa,C045,7.5,12.2,7.944344012,12097000,41.03651838,43.2311906,62.746,21.7,1666.6,0.16,0.249,1.354,125.5,41,43.34615481,21.8,72.57142857,2.3
2012,CRAB,Acinetobacter baumannii,Carbapenems,0.77,1683,1296,Sub-Saharan Africa,C045,7.5,12.2,8.004289448,13069000,41.63955021,43.80963737,63.272,22.5,1228.9,0.183,0.228,1.931,109.9,43,43.34615481,22.4,71,2.3
2013,CRAB,Acinetobacter baumannii,Carbapenems,0.75,1937,1453,Sub-Saharan Africa,C045,7.9,12.8,8.103224255,14318000,42.10569868,44.41023832,63.793,24.9,1321,0.0935,0.118,1.234,113.1,42,43.47679106,22,75.42857143,2.3
2014,CRAB,Acinetobacter baumannii,Carbapenems,0.74,1443,1068,Sub-Saharan Africa,C045,8.1,12.9,7.87136537,14530000,42.70526191,45.11582076,64.312,26,1184.9,0.0873,0.0545,2.431,115.8,44,43.60692839,25,81.71428571,2.3
2015,CRAB,Acinetobacter baumannii,Carbapenems,0.71,2432,1727,Sub-Saharan Africa,C045,8.3,13.2,8.053043472,13952000,41.25089441,46.0613013,64.828,24.4,1396.3,0.0677,0.048,2.125,116.8,44,43.73631358,24.9,81.14285714,2.3
2016,CRAB,Acinetobacter baumannii,Carbapenems,0.73,2904,2120,Sub-Saharan Africa,C045,8.7,13.5,8.07959481,15121000,41.35696618,46.51120197,65.341,24,1009.3,0.139,0.0864,2.046,102.1,45,43.86494525,25.1,81.71428571,2.3
2018,CRAB,Acinetobacter baumannii,Carbapenems,0.79,2980,2354,Sub-Saharan Africa,C045,8.1,13,8.05990034,15004000,41.62373719,47.26742039,66.355,21.4,1355.3,0.146,0.105,2.412,108.5,43,44.11920012,25.7,79.14285714,2.3
2019,CRAB,Acinetobacter baumannii,Carbapenems,0.8,2330,1864,Sub-Saharan Africa,C045,8.6,13.6,8.223169058,14797000,40.43107319,47.88354945,66.856,21.9,1715.7,0.148,0.122,2.34,119.5,44,44.24482404,26.06902388,83.71428571,2.3
2020,CRAB,Acinetobacter baumannii,Carbapenems,0.74,4502,3331,Sub-Saharan Africa,C045,8.4,13.2,8.54647611,3886600.098,36.55577814,48.47284785,67.354,20.9,1436,0.238,0.371,2.228,116,44,44.36969325,26.67299412,83.14285714,2.3